"row_index","tas","dewp","wind","radiation","date","zenith_angle","solar_geometry_mismatch","failed_component","failure_reason","initial_lower","initial_upper","final_lower","final_upper","lower_residual","upper_residual","candidate_root","candidate_final_residual","batch_fallback_attempted","scalar_fallback_result"
930,24.0705523608202,22.0705523608202,2.5,15.6449198563814,"2020-02-08 17:00:00",1.55238949933933,TRUE,"solar_geometry","radiation_gt_15_zenith_gt_1.54",NA,NA,NA,NA,NA,NA,NA,NA,NA,NA
944,24.0705523608202,18.0705523608202,0.05,17.5207694359815,"2020-02-09 07:00:00",1.55018219693177,TRUE,"solar_geometry","radiation_gt_15_zenith_gt_1.54",NA,NA,NA,NA,NA,NA,NA,NA,NA,NA
954,24.0705523608202,22.0705523608202,2.5,18.8694234784099,"2020-02-09 17:00:00",1.54859518131025,TRUE,"solar_geometry","radiation_gt_15_zenith_gt_1.54",NA,NA,NA,NA,NA,NA,NA,NA,NA,NA
968,24.0705523608202,18.0705523608202,0.05,20.7696020477248,"2020-02-10 07:00:00",1.54635906869042,TRUE,"solar_geometry","radiation_gt_15_zenith_gt_1.54",NA,NA,NA,NA,NA,NA,NA,NA,NA,NA
978,24.0705523608202,22.0705523608202,2.5,22.1353584484356,"2020-02-10 17:00:00",1.54475178430563,TRUE,"solar_geometry","radiation_gt_15_zenith_gt_1.54",NA,NA,NA,NA,NA,NA,NA,NA,NA,NA
992,24.0705523608202,18.0705523608202,0.05,24.0590930277786,"2020-02-11 07:00:00",1.5424877306451,TRUE,"solar_geometry","radiation_gt_15_zenith_gt_1.54",NA,NA,NA,NA,NA,NA,NA,NA,NA,NA
1002,24.0705523608202,22.0705523608202,2.5,25.4413975362636,"2020-02-11 17:00:00",1.54086080002085,TRUE,"solar_geometry","radiation_gt_15_zenith_gt_1.54",NA,NA,NA,NA,NA,NA,NA,NA,NA,NA
2011,22,18,0,16.684329768173,"2020-03-24 18:00:00",1.55116644289099,TRUE,"solar_geometry","radiation_gt_15_zenith_gt_1.54",NA,NA,NA,NA,NA,NA,NA,NA,NA,NA
2023,22,18,0,18.5876058855323,"2020-03-25 06:00:00",1.54892681193036,TRUE,"solar_geometry","radiation_gt_15_zenith_gt_1.54",NA,NA,NA,NA,NA,NA,NA,NA,NA,NA
2035,22,18,0,20.4888757006738,"2020-03-25 18:00:00",1.54668943229195,TRUE,"solar_geometry","radiation_gt_15_zenith_gt_1.54",NA,NA,NA,NA,NA,NA,NA,NA,NA,NA
2047,22,18,0,22.3880018371071,"2020-03-26 06:00:00",1.54445445479775,TRUE,"solar_geometry","radiation_gt_15_zenith_gt_1.54",NA,NA,NA,NA,NA,NA,NA,NA,NA,NA
2059,22,18,0,24.2848473952475,"2020-03-26 18:00:00",1.54222202981326,TRUE,"solar_geometry","radiation_gt_15_zenith_gt_1.54",NA,NA,NA,NA,NA,NA,NA,NA,NA,NA
3174,19.9294476391798,17.9294476391798,2.5,15.6378922681092,"2020-05-12 05:00:00",1.55239776849041,TRUE,"solar_geometry","radiation_gt_15_zenith_gt_1.54",NA,NA,NA,NA,NA,NA,NA,NA,NA,NA
3188,19.9294476391798,13.9294476391798,0.05,17.114784945275,"2020-05-12 19:00:00",1.55065992491021,TRUE,"solar_geometry","radiation_gt_15_zenith_gt_1.54",NA,NA,NA,NA,NA,NA,NA,NA,NA,NA
3198,19.9294476391798,17.9294476391798,2.5,18.1589243013025,"2020-05-13 05:00:00",1.54943126107305,TRUE,"solar_geometry","radiation_gt_15_zenith_gt_1.54",NA,NA,NA,NA,NA,NA,NA,NA,NA,NA
3212,19.9294476391798,13.9294476391798,0.05,19.6054933137986,"2020-05-13 19:00:00",1.54772899490299,TRUE,"solar_geometry","radiation_gt_15_zenith_gt_1.54",NA,NA,NA,NA,NA,NA,NA,NA,NA,NA
3222,19.9294476391798,17.9294476391798,2.5,20.6277997654254,"2020-05-14 05:00:00",1.54652594439034,TRUE,"solar_geometry","radiation_gt_15_zenith_gt_1.54",NA,NA,NA,NA,NA,NA,NA,NA,NA,NA
3236,19.9294476391798,13.9294476391798,0.05,22.0435627543303,"2020-05-14 19:00:00",1.54485981572588,TRUE,"solar_geometry","radiation_gt_15_zenith_gt_1.54",NA,NA,NA,NA,NA,NA,NA,NA,NA,NA
3246,19.9294476391798,17.9294476391798,2.5,23.0436950879901,"2020-05-15 05:00:00",1.5436827753379,TRUE,"solar_geometry","radiation_gt_15_zenith_gt_1.54",NA,NA,NA,NA,NA,NA,NA,NA,NA,NA
3260,19.9294476391798,13.9294476391798,0.05,24.4281790790242,"2020-05-15 19:00:00",1.54205333503145,TRUE,"solar_geometry","radiation_gt_15_zenith_gt_1.54",NA,NA,NA,NA,NA,NA,NA,NA,NA,NA
3270,19.9294476391798,17.9294476391798,2.5,25.4058028718735,"2020-05-16 05:00:00",1.54090269484067,TRUE,"solar_geometry","radiation_gt_15_zenith_gt_1.54",NA,NA,NA,NA,NA,NA,NA,NA,NA,NA
5012,19.9294476391798,13.9294476391798,0.05,25.595730647777,"2020-07-27 19:00:00",1.54067914977399,TRUE,"solar_geometry","radiation_gt_15_zenith_gt_1.54",NA,NA,NA,NA,NA,NA,NA,NA,NA,NA
5022,19.9294476391798,17.9294476391798,2.5,24.6265991073805,"2020-07-28 05:00:00",1.54181980245723,TRUE,"solar_geometry","radiation_gt_15_zenith_gt_1.54",NA,NA,NA,NA,NA,NA,NA,NA,NA,NA
5036,19.9294476391798,13.9294476391798,0.05,23.2543360656416,"2020-07-28 19:00:00",1.54343487047004,TRUE,"solar_geometry","radiation_gt_15_zenith_gt_1.54",NA,NA,NA,NA,NA,NA,NA,NA,NA,NA
5046,19.9294476391798,17.9294476391798,2.5,22.2631714470362,"2020-07-29 05:00:00",1.54460136476353,TRUE,"solar_geometry","radiation_gt_15_zenith_gt_1.54",NA,NA,NA,NA,NA,NA,NA,NA,NA,NA
5060,19.9294476391798,13.9294476391798,0.05,20.8602992948476,"2020-07-29 19:00:00",1.54625233403906,TRUE,"solar_geometry","radiation_gt_15_zenith_gt_1.54",NA,NA,NA,NA,NA,NA,NA,NA,NA,NA
5070,19.9294476391798,17.9294476391798,2.5,19.8474419307805,"2020-07-30 05:00:00",1.54744427278527,TRUE,"solar_geometry","radiation_gt_15_zenith_gt_1.54",NA,NA,NA,NA,NA,NA,NA,NA,NA,NA
5084,19.9294476391798,13.9294476391798,0.05,18.4144414765236,"2020-07-30 19:00:00",1.54913058303934,TRUE,"solar_geometry","radiation_gt_15_zenith_gt_1.54",NA,NA,NA,NA,NA,NA,NA,NA,NA,NA
5094,19.9294476391798,17.9294476391798,2.5,17.380237856903,"2020-07-31 05:00:00",1.55034756305448,TRUE,"solar_geometry","radiation_gt_15_zenith_gt_1.54",NA,NA,NA,NA,NA,NA,NA,NA,NA,NA
5108,19.9294476391798,13.9294476391798,0.05,15.917598390859,"2020-07-31 19:00:00",1.55206864575768,TRUE,"solar_geometry","radiation_gt_15_zenith_gt_1.54",NA,NA,NA,NA,NA,NA,NA,NA,NA,NA
6235,22,18,0,24.8720371192723,"2020-09-16 18:00:00",1.54153092937608,TRUE,"solar_geometry","radiation_gt_15_zenith_gt_1.54",NA,NA,NA,NA,NA,NA,NA,NA,NA,NA
6247,22,18,0,23.0033139649098,"2020-09-17 06:00:00",1.5437302999786,TRUE,"solar_geometry","radiation_gt_15_zenith_gt_1.54",NA,NA,NA,NA,NA,NA,NA,NA,NA,NA
6259,22,18,0,21.1323668673161,"2020-09-17 18:00:00",1.54593215684491,TRUE,"solar_geometry","radiation_gt_15_zenith_gt_1.54",NA,NA,NA,NA,NA,NA,NA,NA,NA,NA
6271,22,18,0,19.2593237596646,"2020-09-18 06:00:00",1.5481363596744,TRUE,"solar_geometry","radiation_gt_15_zenith_gt_1.54",NA,NA,NA,NA,NA,NA,NA,NA,NA,NA
6283,22,18,0,17.3843129910152,"2020-09-18 18:00:00",1.55034276777628,TRUE,"solar_geometry","radiation_gt_15_zenith_gt_1.54",NA,NA,NA,NA,NA,NA,NA,NA,NA,NA
6295,22,18,0,15.5074633248178,"2020-09-19 06:00:00",1.55255124006485,TRUE,"solar_geometry","radiation_gt_15_zenith_gt_1.54",NA,NA,NA,NA,NA,NA,NA,NA,NA,NA
7314,24.0705523608202,22.0705523608202,2.5,24.8897875973231,"2020-10-31 17:00:00",1.54151003750842,TRUE,"solar_geometry","radiation_gt_15_zenith_gt_1.54",NA,NA,NA,NA,NA,NA,NA,NA,NA,NA
7328,24.0705523608202,18.0705523608202,0.05,22.9800833332502,"2020-11-01 07:00:00",1.54375764013706,TRUE,"solar_geometry","radiation_gt_15_zenith_gt_1.54",NA,NA,NA,NA,NA,NA,NA,NA,NA,NA
7338,24.0705523608202,22.0705523608202,2.5,21.6239816841723,"2020-11-01 17:00:00",1.54535360344955,TRUE,"solar_geometry","radiation_gt_15_zenith_gt_1.54",NA,NA,NA,NA,NA,NA,NA,NA,NA,NA
7352,24.0705523608202,18.0705523608202,0.05,19.7368026640593,"2020-11-02 07:00:00",1.54757447192931,TRUE,"solar_geometry","radiation_gt_15_zenith_gt_1.54",NA,NA,NA,NA,NA,NA,NA,NA,NA,NA
7362,24.0705523608202,22.0705523608202,2.5,18.3970625956554,"2020-11-02 17:00:00",1.54915103357661,TRUE,"solar_geometry","radiation_gt_15_zenith_gt_1.54",NA,NA,NA,NA,NA,NA,NA,NA,NA,NA
7376,24.0705523608202,18.0705523608202,0.05,16.5331695917501,"2020-11-03 07:00:00",1.55134431235143,TRUE,"solar_geometry","radiation_gt_15_zenith_gt_1.54",NA,NA,NA,NA,NA,NA,NA,NA,NA,NA
7386,24.0705523608202,22.0705523608202,2.5,15.2103328880762,"2020-11-03 17:00:00",1.55290086236671,TRUE,"solar_geometry","radiation_gt_15_zenith_gt_1.54",NA,NA,NA,NA,NA,NA,NA,NA,NA,NA
9714,24.0705523608202,22.0705523608202,2.5,15.984875790614,"2021-02-08 17:00:00",1.55198948193485,TRUE,"solar_geometry","radiation_gt_15_zenith_gt_1.54",NA,NA,NA,NA,NA,NA,NA,NA,NA,NA
9728,24.0705523608202,18.0705523608202,0.05,17.8685080796383,"2021-02-09 07:00:00",1.54977300396938,TRUE,"solar_geometry","radiation_gt_15_zenith_gt_1.54",NA,NA,NA,NA,NA,NA,NA,NA,NA,NA
9738,24.0705523608202,22.0705523608202,2.5,19.2227396056134,"2021-02-09 17:00:00",1.54817941088702,TRUE,"solar_geometry","radiation_gt_15_zenith_gt_1.54",NA,NA,NA,NA,NA,NA,NA,NA,NA,NA
9752,24.0705523608202,18.0705523608202,0.05,21.130750562751,"2021-02-10 07:00:00",1.54593405896759,TRUE,"solar_geometry","radiation_gt_15_zenith_gt_1.54",NA,NA,NA,NA,NA,NA,NA,NA,NA,NA
9762,24.0705523608202,22.0705523608202,2.5,22.5021174182684,"2021-02-10 17:00:00",1.54432015434246,TRUE,"solar_geometry","radiation_gt_15_zenith_gt_1.54",NA,NA,NA,NA,NA,NA,NA,NA,NA,NA
9776,24.0705523608202,18.0705523608202,0.05,24.4337270255253,"2021-02-11 07:00:00",1.54204680533785,TRUE,"solar_geometry","radiation_gt_15_zenith_gt_1.54",NA,NA,NA,NA,NA,NA,NA,NA,NA,NA
9786,24.0705523608202,22.0705523608202,2.5,25.8216699319835,"2021-02-11 17:00:00",1.54041321718627,TRUE,"solar_geometry","radiation_gt_15_zenith_gt_1.54",NA,NA,NA,NA,NA,NA,NA,NA,NA,NA
10783,22,18,0,15.6484672392869,"2021-03-25 06:00:00",1.55238532524042,TRUE,"solar_geometry","radiation_gt_15_zenith_gt_1.54",NA,NA,NA,NA,NA,NA,NA,NA,NA,NA
10795,22,18,0,17.5579913128434,"2021-03-25 18:00:00",1.55013839716276,TRUE,"solar_geometry","radiation_gt_15_zenith_gt_1.54",NA,NA,NA,NA,NA,NA,NA,NA,NA,NA
10807,22,18,0,19.4655730157719,"2021-03-26 06:00:00",1.54789365051122,TRUE,"solar_geometry","radiation_gt_15_zenith_gt_1.54",NA,NA,NA,NA,NA,NA,NA,NA,NA,NA
10819,22,18,0,21.3710735819485,"2021-03-26 18:00:00",1.5456512375998,TRUE,"solar_geometry","radiation_gt_15_zenith_gt_1.54",NA,NA,NA,NA,NA,NA,NA,NA,NA,NA
10831,22,18,0,23.2743547246798,"2021-03-27 06:00:00",1.54341131028026,TRUE,"solar_geometry","radiation_gt_15_zenith_gt_1.54",NA,NA,NA,NA,NA,NA,NA,NA,NA,NA
10843,22,18,0,25.1752786417374,"2021-03-27 18:00:00",1.54117401994345,TRUE,"solar_geometry","radiation_gt_15_zenith_gt_1.54",NA,NA,NA,NA,NA,NA,NA,NA,NA,NA
11948,19.9294476391798,13.9294476391798,0.05,15.4962254197467,"2021-05-12 19:00:00",1.55256446332888,TRUE,"solar_geometry","radiation_gt_15_zenith_gt_1.54",NA,NA,NA,NA,NA,NA,NA,NA,NA,NA
11958,19.9294476391798,17.9294476391798,2.5,16.5570187938491,"2021-05-13 05:00:00",1.55131624914982,TRUE,"solar_geometry","radiation_gt_15_zenith_gt_1.54",NA,NA,NA,NA,NA,NA,NA,NA,NA,NA
11972,19.9294476391798,13.9294476391798,0.05,18.026976155201,"2021-05-13 19:00:00",1.54958652936522,TRUE,"solar_geometry","radiation_gt_15_zenith_gt_1.54",NA,NA,NA,NA,NA,NA,NA,NA,NA,NA
11982,19.9294476391798,17.9294476391798,2.5,19.0660388505668,"2021-05-14 05:00:00",1.54836381149377,TRUE,"solar_geometry","radiation_gt_15_zenith_gt_1.54",NA,NA,NA,NA,NA,NA,NA,NA,NA,NA
11996,19.9294476391798,13.9294476391798,0.05,20.5053283602164,"2021-05-14 19:00:00",1.5466700705917,TRUE,"solar_geometry","radiation_gt_15_zenith_gt_1.54",NA,NA,NA,NA,NA,NA,NA,NA,NA,NA
12006,19.9294476391798,17.9294476391798,2.5,21.5223120910688,"2021-05-15 05:00:00",1.54547325327824,TRUE,"solar_geometry","radiation_gt_15_zenith_gt_1.54",NA,NA,NA,NA,NA,NA,NA,NA,NA,NA
12020,19.9294476391798,13.9294476391798,0.05,22.9304508467904,"2021-05-15 19:00:00",1.54381605260261,TRUE,"solar_geometry","radiation_gt_15_zenith_gt_1.54",NA,NA,NA,NA,NA,NA,NA,NA,NA,NA
12030,19.9294476391798,17.9294476391798,2.5,23.9250140806275,"2021-05-16 05:00:00",1.54264553345668,TRUE,"solar_geometry","radiation_gt_15_zenith_gt_1.54",NA,NA,NA,NA,NA,NA,NA,NA,NA,NA
12044,19.9294476391798,13.9294476391798,0.05,25.3015287590032,"2021-05-16 19:00:00",1.54102542487627,TRUE,"solar_geometry","radiation_gt_15_zenith_gt_1.54",NA,NA,NA,NA,NA,NA,NA,NA,NA,NA
13782,19.9294476391798,17.9294476391798,2.5,25.6255861090656,"2021-07-28 05:00:00",1.54064400974771,TRUE,"solar_geometry","radiation_gt_15_zenith_gt_1.54",NA,NA,NA,NA,NA,NA,NA,NA,NA,NA
13796,19.9294476391798,13.9294476391798,0.05,24.2628691251846,"2021-07-28 19:00:00",1.54224789715151,TRUE,"solar_geometry","radiation_gt_15_zenith_gt_1.54",NA,NA,NA,NA,NA,NA,NA,NA,NA,NA
13806,19.9294476391798,17.9294476391798,2.5,23.2783902851409,"2021-07-29 05:00:00",1.54340656078095,TRUE,"solar_geometry","radiation_gt_15_zenith_gt_1.54",NA,NA,NA,NA,NA,NA,NA,NA,NA,NA
13820,19.9294476391798,13.9294476391798,0.05,21.8846922888252,"2021-07-29 19:00:00",1.54504678458739,TRUE,"solar_geometry","radiation_gt_15_zenith_gt_1.54",NA,NA,NA,NA,NA,NA,NA,NA,NA,NA
13830,19.9294476391798,17.9294476391798,2.5,20.8782551227671,"2021-07-30 05:00:00",1.54623120316577,TRUE,"solar_geometry","radiation_gt_15_zenith_gt_1.54",NA,NA,NA,NA,NA,NA,NA,NA,NA,NA
13844,19.9294476391798,13.9294476391798,0.05,19.4540571570912,"2021-07-30 19:00:00",1.54790720213213,TRUE,"solar_geometry","radiation_gt_15_zenith_gt_1.54",NA,NA,NA,NA,NA,NA,NA,NA,NA,NA
13854,19.9294476391798,17.9294476391798,2.5,18.4260083985089,"2021-07-31 05:00:00",1.54911697169933,TRUE,"solar_geometry","radiation_gt_15_zenith_gt_1.54",NA,NA,NA,NA,NA,NA,NA,NA,NA,NA
13868,19.9294476391798,13.9294476391798,0.05,16.9718002004118,"2021-07-31 19:00:00",1.55082817608255,TRUE,"solar_geometry","radiation_gt_15_zenith_gt_1.54",NA,NA,NA,NA,NA,NA,NA,NA,NA,NA
13878,19.9294476391798,17.9294476391798,2.5,15.9224926926297,"2021-08-01 05:00:00",1.5520628867454,TRUE,"solar_geometry","radiation_gt_15_zenith_gt_1.54",NA,NA,NA,NA,NA,NA,NA,NA,NA,NA
14995,22,18,0,25.9589175319238,"2021-09-16 18:00:00",1.54025167446755,TRUE,"solar_geometry","radiation_gt_15_zenith_gt_1.54",NA,NA,NA,NA,NA,NA,NA,NA,NA,NA
15007,22,18,0,24.0864285994947,"2021-09-17 06:00:00",1.54245555824406,TRUE,"solar_geometry","radiation_gt_15_zenith_gt_1.54",NA,NA,NA,NA,NA,NA,NA,NA,NA,NA
15019,22,18,0,22.2116291753581,"2021-09-17 18:00:00",1.54466202349215,TRUE,"solar_geometry","radiation_gt_15_zenith_gt_1.54",NA,NA,NA,NA,NA,NA,NA,NA,NA,NA
15031,22,18,0,20.3346480040334,"2021-09-18 06:00:00",1.54687092898008,TRUE,"solar_geometry","radiation_gt_15_zenith_gt_1.54",NA,NA,NA,NA,NA,NA,NA,NA,NA,NA
15043,22,18,0,18.4556142513243,"2021-09-18 18:00:00",1.54908213308443,TRUE,"solar_geometry","radiation_gt_15_zenith_gt_1.54",NA,NA,NA,NA,NA,NA,NA,NA,NA,NA
15055,22,18,0,16.5746575028665,"2021-09-19 06:00:00",1.55129549378532,TRUE,"solar_geometry","radiation_gt_15_zenith_gt_1.54",NA,NA,NA,NA,NA,NA,NA,NA,NA,NA
16074,24.0705523608202,22.0705523608202,2.5,25.4419100081277,"2021-10-31 17:00:00",1.54086019684253,TRUE,"solar_geometry","radiation_gt_15_zenith_gt_1.54",NA,NA,NA,NA,NA,NA,NA,NA,NA,NA
16088,24.0705523608202,18.0705523608202,0.05,23.5232736302967,"2021-11-01 07:00:00",1.54311835348674,TRUE,"solar_geometry","radiation_gt_15_zenith_gt_1.54",NA,NA,NA,NA,NA,NA,NA,NA,NA,NA
16098,24.0705523608202,22.0705523608202,2.5,22.160789951528,"2021-11-01 17:00:00",1.54472185472824,TRUE,"solar_geometry","radiation_gt_15_zenith_gt_1.54",NA,NA,NA,NA,NA,NA,NA,NA,NA,NA
16112,24.0705523608202,18.0705523608202,0.05,20.2646752018439,"2021-11-02 07:00:00",1.54695327340968,TRUE,"solar_geometry","radiation_gt_15_zenith_gt_1.54",NA,NA,NA,NA,NA,NA,NA,NA,NA,NA
16122,24.0705523608202,22.0705523608202,2.5,18.9185530148557,"2021-11-02 17:00:00",1.54853736757113,TRUE,"solar_geometry","radiation_gt_15_zenith_gt_1.54",NA,NA,NA,NA,NA,NA,NA,NA,NA,NA
16136,24.0705523608202,18.0705523608202,0.05,17.0457276598949,"2021-11-03 07:00:00",1.55074118518291,TRUE,"solar_geometry","radiation_gt_15_zenith_gt_1.54",NA,NA,NA,NA,NA,NA,NA,NA,NA,NA
16146,24.0705523608202,22.0705523608202,2.5,15.7165137597751,"2021-11-03 17:00:00",1.55230525688153,TRUE,"solar_geometry","radiation_gt_15_zenith_gt_1.54",NA,NA,NA,NA,NA,NA,NA,NA,NA,NA
18474,24.0705523608202,22.0705523608202,2.5,15.984875790614,"2022-02-08 17:00:00",1.55198948193485,TRUE,"solar_geometry","radiation_gt_15_zenith_gt_1.54",NA,NA,NA,NA,NA,NA,NA,NA,NA,NA
18488,24.0705523608202,18.0705523608202,0.05,17.8685080796383,"2022-02-09 07:00:00",1.54977300396938,TRUE,"solar_geometry","radiation_gt_15_zenith_gt_1.54",NA,NA,NA,NA,NA,NA,NA,NA,NA,NA
18498,24.0705523608202,22.0705523608202,2.5,19.2227396056134,"2022-02-09 17:00:00",1.54817941088702,TRUE,"solar_geometry","radiation_gt_15_zenith_gt_1.54",NA,NA,NA,NA,NA,NA,NA,NA,NA,NA
18512,24.0705523608202,18.0705523608202,0.05,21.130750562751,"2022-02-10 07:00:00",1.54593405896759,TRUE,"solar_geometry","radiation_gt_15_zenith_gt_1.54",NA,NA,NA,NA,NA,NA,NA,NA,NA,NA
18522,24.0705523608202,22.0705523608202,2.5,22.5021174182684,"2022-02-10 17:00:00",1.54432015434246,TRUE,"solar_geometry","radiation_gt_15_zenith_gt_1.54",NA,NA,NA,NA,NA,NA,NA,NA,NA,NA
18536,24.0705523608202,18.0705523608202,0.05,24.4337270255253,"2022-02-11 07:00:00",1.54204680533785,TRUE,"solar_geometry","radiation_gt_15_zenith_gt_1.54",NA,NA,NA,NA,NA,NA,NA,NA,NA,NA
18546,24.0705523608202,22.0705523608202,2.5,25.8216699319835,"2022-02-11 17:00:00",1.54041321718627,TRUE,"solar_geometry","radiation_gt_15_zenith_gt_1.54",NA,NA,NA,NA,NA,NA,NA,NA,NA,NA
19543,22,18,0,15.6484672392869,"2022-03-25 06:00:00",1.55238532524042,TRUE,"solar_geometry","radiation_gt_15_zenith_gt_1.54",NA,NA,NA,NA,NA,NA,NA,NA,NA,NA
19555,22,18,0,17.5579913128434,"2022-03-25 18:00:00",1.55013839716276,TRUE,"solar_geometry","radiation_gt_15_zenith_gt_1.54",NA,NA,NA,NA,NA,NA,NA,NA,NA,NA
19567,22,18,0,19.4655730157719,"2022-03-26 06:00:00",1.54789365051122,TRUE,"solar_geometry","radiation_gt_15_zenith_gt_1.54",NA,NA,NA,NA,NA,NA,NA,NA,NA,NA
19579,22,18,0,21.3710735819485,"2022-03-26 18:00:00",1.5456512375998,TRUE,"solar_geometry","radiation_gt_15_zenith_gt_1.54",NA,NA,NA,NA,NA,NA,NA,NA,NA,NA
19591,22,18,0,23.2743547246798,"2022-03-27 06:00:00",1.54341131028026,TRUE,"solar_geometry","radiation_gt_15_zenith_gt_1.54",NA,NA,NA,NA,NA,NA,NA,NA,NA,NA
19603,22,18,0,25.1752786417374,"2022-03-27 18:00:00",1.54117401994345,TRUE,"solar_geometry","radiation_gt_15_zenith_gt_1.54",NA,NA,NA,NA,NA,NA,NA,NA,NA,NA
20708,19.9294476391798,13.9294476391798,0.05,15.4962254197467,"2022-05-12 19:00:00",1.55256446332888,TRUE,"solar_geometry","radiation_gt_15_zenith_gt_1.54",NA,NA,NA,NA,NA,NA,NA,NA,NA,NA
20718,19.9294476391798,17.9294476391798,2.5,16.5570187938491,"2022-05-13 05:00:00",1.55131624914982,TRUE,"solar_geometry","radiation_gt_15_zenith_gt_1.54",NA,NA,NA,NA,NA,NA,NA,NA,NA,NA
20732,19.9294476391798,13.9294476391798,0.05,18.026976155201,"2022-05-13 19:00:00",1.54958652936522,TRUE,"solar_geometry","radiation_gt_15_zenith_gt_1.54",NA,NA,NA,NA,NA,NA,NA,NA,NA,NA
20742,19.9294476391798,17.9294476391798,2.5,19.0660388505668,"2022-05-14 05:00:00",1.54836381149377,TRUE,"solar_geometry","radiation_gt_15_zenith_gt_1.54",NA,NA,NA,NA,NA,NA,NA,NA,NA,NA
20756,19.9294476391798,13.9294476391798,0.05,20.5053283602164,"2022-05-14 19:00:00",1.5466700705917,TRUE,"solar_geometry","radiation_gt_15_zenith_gt_1.54",NA,NA,NA,NA,NA,NA,NA,NA,NA,NA
20766,19.9294476391798,17.9294476391798,2.5,21.5223120910688,"2022-05-15 05:00:00",1.54547325327824,TRUE,"solar_geometry","radiation_gt_15_zenith_gt_1.54",NA,NA,NA,NA,NA,NA,NA,NA,NA,NA
20780,19.9294476391798,13.9294476391798,0.05,22.9304508467904,"2022-05-15 19:00:00",1.54381605260261,TRUE,"solar_geometry","radiation_gt_15_zenith_gt_1.54",NA,NA,NA,NA,NA,NA,NA,NA,NA,NA
20790,19.9294476391798,17.9294476391798,2.5,23.9250140806275,"2022-05-16 05:00:00",1.54264553345668,TRUE,"solar_geometry","radiation_gt_15_zenith_gt_1.54",NA,NA,NA,NA,NA,NA,NA,NA,NA,NA
20804,19.9294476391798,13.9294476391798,0.05,25.3015287590032,"2022-05-16 19:00:00",1.54102542487627,TRUE,"solar_geometry","radiation_gt_15_zenith_gt_1.54",NA,NA,NA,NA,NA,NA,NA,NA,NA,NA
22542,19.9294476391798,17.9294476391798,2.5,25.6255861090656,"2022-07-28 05:00:00",1.54064400974771,TRUE,"solar_geometry","radiation_gt_15_zenith_gt_1.54",NA,NA,NA,NA,NA,NA,NA,NA,NA,NA
22556,19.9294476391798,13.9294476391798,0.05,24.2628691251846,"2022-07-28 19:00:00",1.54224789715151,TRUE,"solar_geometry","radiation_gt_15_zenith_gt_1.54",NA,NA,NA,NA,NA,NA,NA,NA,NA,NA
22566,19.9294476391798,17.9294476391798,2.5,23.2783902851409,"2022-07-29 05:00:00",1.54340656078095,TRUE,"solar_geometry","radiation_gt_15_zenith_gt_1.54",NA,NA,NA,NA,NA,NA,NA,NA,NA,NA
22580,19.9294476391798,13.9294476391798,0.05,21.8846922888252,"2022-07-29 19:00:00",1.54504678458739,TRUE,"solar_geometry","radiation_gt_15_zenith_gt_1.54",NA,NA,NA,NA,NA,NA,NA,NA,NA,NA
22590,19.9294476391798,17.9294476391798,2.5,20.8782551227671,"2022-07-30 05:00:00",1.54623120316577,TRUE,"solar_geometry","radiation_gt_15_zenith_gt_1.54",NA,NA,NA,NA,NA,NA,NA,NA,NA,NA
22604,19.9294476391798,13.9294476391798,0.05,19.4540571570912,"2022-07-30 19:00:00",1.54790720213213,TRUE,"solar_geometry","radiation_gt_15_zenith_gt_1.54",NA,NA,NA,NA,NA,NA,NA,NA,NA,NA
22614,19.9294476391798,17.9294476391798,2.5,18.4260083985089,"2022-07-31 05:00:00",1.54911697169933,TRUE,"solar_geometry","radiation_gt_15_zenith_gt_1.54",NA,NA,NA,NA,NA,NA,NA,NA,NA,NA
22628,19.9294476391798,13.9294476391798,0.05,16.9718002004118,"2022-07-31 19:00:00",1.55082817608255,TRUE,"solar_geometry","radiation_gt_15_zenith_gt_1.54",NA,NA,NA,NA,NA,NA,NA,NA,NA,NA
22638,19.9294476391798,17.9294476391798,2.5,15.9224926926297,"2022-08-01 05:00:00",1.5520628867454,TRUE,"solar_geometry","radiation_gt_15_zenith_gt_1.54",NA,NA,NA,NA,NA,NA,NA,NA,NA,NA
23755,22,18,0,25.9589175319238,"2022-09-16 18:00:00",1.54025167446755,TRUE,"solar_geometry","radiation_gt_15_zenith_gt_1.54",NA,NA,NA,NA,NA,NA,NA,NA,NA,NA
23767,22,18,0,24.0864285994947,"2022-09-17 06:00:00",1.54245555824406,TRUE,"solar_geometry","radiation_gt_15_zenith_gt_1.54",NA,NA,NA,NA,NA,NA,NA,NA,NA,NA
23779,22,18,0,22.2116291753581,"2022-09-17 18:00:00",1.54466202349215,TRUE,"solar_geometry","radiation_gt_15_zenith_gt_1.54",NA,NA,NA,NA,NA,NA,NA,NA,NA,NA
23791,22,18,0,20.3346480040334,"2022-09-18 06:00:00",1.54687092898008,TRUE,"solar_geometry","radiation_gt_15_zenith_gt_1.54",NA,NA,NA,NA,NA,NA,NA,NA,NA,NA
23803,22,18,0,18.4556142513243,"2022-09-18 18:00:00",1.54908213308443,TRUE,"solar_geometry","radiation_gt_15_zenith_gt_1.54",NA,NA,NA,NA,NA,NA,NA,NA,NA,NA
23815,22,18,0,16.5746575028665,"2022-09-19 06:00:00",1.55129549378532,TRUE,"solar_geometry","radiation_gt_15_zenith_gt_1.54",NA,NA,NA,NA,NA,NA,NA,NA,NA,NA
24834,24.0705523608202,22.0705523608202,2.5,25.4419100081277,"2022-10-31 17:00:00",1.54086019684253,TRUE,"solar_geometry","radiation_gt_15_zenith_gt_1.54",NA,NA,NA,NA,NA,NA,NA,NA,NA,NA
24848,24.0705523608202,18.0705523608202,0.05,23.5232736302967,"2022-11-01 07:00:00",1.54311835348674,TRUE,"solar_geometry","radiation_gt_15_zenith_gt_1.54",NA,NA,NA,NA,NA,NA,NA,NA,NA,NA
24858,24.0705523608202,22.0705523608202,2.5,22.160789951528,"2022-11-01 17:00:00",1.54472185472824,TRUE,"solar_geometry","radiation_gt_15_zenith_gt_1.54",NA,NA,NA,NA,NA,NA,NA,NA,NA,NA
24872,24.0705523608202,18.0705523608202,0.05,20.2646752018439,"2022-11-02 07:00:00",1.54695327340968,TRUE,"solar_geometry","radiation_gt_15_zenith_gt_1.54",NA,NA,NA,NA,NA,NA,NA,NA,NA,NA
24882,24.0705523608202,22.0705523608202,2.5,18.9185530148557,"2022-11-02 17:00:00",1.54853736757113,TRUE,"solar_geometry","radiation_gt_15_zenith_gt_1.54",NA,NA,NA,NA,NA,NA,NA,NA,NA,NA
24896,24.0705523608202,18.0705523608202,0.05,17.0457276598949,"2022-11-03 07:00:00",1.55074118518291,TRUE,"solar_geometry","radiation_gt_15_zenith_gt_1.54",NA,NA,NA,NA,NA,NA,NA,NA,NA,NA
24906,24.0705523608202,22.0705523608202,2.5,15.7165137597751,"2022-11-03 17:00:00",1.55230525688153,TRUE,"solar_geometry","radiation_gt_15_zenith_gt_1.54",NA,NA,NA,NA,NA,NA,NA,NA,NA,NA
27234,24.0705523608202,22.0705523608202,2.5,15.984875790614,"2023-02-08 17:00:00",1.55198948193485,TRUE,"solar_geometry","radiation_gt_15_zenith_gt_1.54",NA,NA,NA,NA,NA,NA,NA,NA,NA,NA
27248,24.0705523608202,18.0705523608202,0.05,17.8685080796383,"2023-02-09 07:00:00",1.54977300396938,TRUE,"solar_geometry","radiation_gt_15_zenith_gt_1.54",NA,NA,NA,NA,NA,NA,NA,NA,NA,NA
27258,24.0705523608202,22.0705523608202,2.5,19.2227396056134,"2023-02-09 17:00:00",1.54817941088702,TRUE,"solar_geometry","radiation_gt_15_zenith_gt_1.54",NA,NA,NA,NA,NA,NA,NA,NA,NA,NA
27272,24.0705523608202,18.0705523608202,0.05,21.130750562751,"2023-02-10 07:00:00",1.54593405896759,TRUE,"solar_geometry","radiation_gt_15_zenith_gt_1.54",NA,NA,NA,NA,NA,NA,NA,NA,NA,NA
27282,24.0705523608202,22.0705523608202,2.5,22.5021174182684,"2023-02-10 17:00:00",1.54432015434246,TRUE,"solar_geometry","radiation_gt_15_zenith_gt_1.54",NA,NA,NA,NA,NA,NA,NA,NA,NA,NA
27296,24.0705523608202,18.0705523608202,0.05,24.4337270255253,"2023-02-11 07:00:00",1.54204680533785,TRUE,"solar_geometry","radiation_gt_15_zenith_gt_1.54",NA,NA,NA,NA,NA,NA,NA,NA,NA,NA
27306,24.0705523608202,22.0705523608202,2.5,25.8216699319835,"2023-02-11 17:00:00",1.54041321718627,TRUE,"solar_geometry","radiation_gt_15_zenith_gt_1.54",NA,NA,NA,NA,NA,NA,NA,NA,NA,NA
28303,22,18,0,15.6484672392869,"2023-03-25 06:00:00",1.55238532524042,TRUE,"solar_geometry","radiation_gt_15_zenith_gt_1.54",NA,NA,NA,NA,NA,NA,NA,NA,NA,NA
28315,22,18,0,17.5579913128434,"2023-03-25 18:00:00",1.55013839716276,TRUE,"solar_geometry","radiation_gt_15_zenith_gt_1.54",NA,NA,NA,NA,NA,NA,NA,NA,NA,NA
28327,22,18,0,19.4655730157719,"2023-03-26 06:00:00",1.54789365051122,TRUE,"solar_geometry","radiation_gt_15_zenith_gt_1.54",NA,NA,NA,NA,NA,NA,NA,NA,NA,NA
28339,22,18,0,21.3710735819485,"2023-03-26 18:00:00",1.5456512375998,TRUE,"solar_geometry","radiation_gt_15_zenith_gt_1.54",NA,NA,NA,NA,NA,NA,NA,NA,NA,NA
28351,22,18,0,23.2743547246798,"2023-03-27 06:00:00",1.54341131028026,TRUE,"solar_geometry","radiation_gt_15_zenith_gt_1.54",NA,NA,NA,NA,NA,NA,NA,NA,NA,NA
28363,22,18,0,25.1752786417374,"2023-03-27 18:00:00",1.54117401994345,TRUE,"solar_geometry","radiation_gt_15_zenith_gt_1.54",NA,NA,NA,NA,NA,NA,NA,NA,NA,NA
29468,19.9294476391798,13.9294476391798,0.05,15.4962254197467,"2023-05-12 19:00:00",1.55256446332888,TRUE,"solar_geometry","radiation_gt_15_zenith_gt_1.54",NA,NA,NA,NA,NA,NA,NA,NA,NA,NA
29478,19.9294476391798,17.9294476391798,2.5,16.5570187938491,"2023-05-13 05:00:00",1.55131624914982,TRUE,"solar_geometry","radiation_gt_15_zenith_gt_1.54",NA,NA,NA,NA,NA,NA,NA,NA,NA,NA
29492,19.9294476391798,13.9294476391798,0.05,18.026976155201,"2023-05-13 19:00:00",1.54958652936522,TRUE,"solar_geometry","radiation_gt_15_zenith_gt_1.54",NA,NA,NA,NA,NA,NA,NA,NA,NA,NA
29502,19.9294476391798,17.9294476391798,2.5,19.0660388505668,"2023-05-14 05:00:00",1.54836381149377,TRUE,"solar_geometry","radiation_gt_15_zenith_gt_1.54",NA,NA,NA,NA,NA,NA,NA,NA,NA,NA
29516,19.9294476391798,13.9294476391798,0.05,20.5053283602164,"2023-05-14 19:00:00",1.5466700705917,TRUE,"solar_geometry","radiation_gt_15_zenith_gt_1.54",NA,NA,NA,NA,NA,NA,NA,NA,NA,NA
29526,19.9294476391798,17.9294476391798,2.5,21.5223120910688,"2023-05-15 05:00:00",1.54547325327824,TRUE,"solar_geometry","radiation_gt_15_zenith_gt_1.54",NA,NA,NA,NA,NA,NA,NA,NA,NA,NA
29540,19.9294476391798,13.9294476391798,0.05,22.9304508467904,"2023-05-15 19:00:00",1.54381605260261,TRUE,"solar_geometry","radiation_gt_15_zenith_gt_1.54",NA,NA,NA,NA,NA,NA,NA,NA,NA,NA
29550,19.9294476391798,17.9294476391798,2.5,23.9250140806275,"2023-05-16 05:00:00",1.54264553345668,TRUE,"solar_geometry","radiation_gt_15_zenith_gt_1.54",NA,NA,NA,NA,NA,NA,NA,NA,NA,NA
29564,19.9294476391798,13.9294476391798,0.05,25.3015287590032,"2023-05-16 19:00:00",1.54102542487627,TRUE,"solar_geometry","radiation_gt_15_zenith_gt_1.54",NA,NA,NA,NA,NA,NA,NA,NA,NA,NA
31302,19.9294476391798,17.9294476391798,2.5,25.6255861090656,"2023-07-28 05:00:00",1.54064400974771,TRUE,"solar_geometry","radiation_gt_15_zenith_gt_1.54",NA,NA,NA,NA,NA,NA,NA,NA,NA,NA
31316,19.9294476391798,13.9294476391798,0.05,24.2628691251846,"2023-07-28 19:00:00",1.54224789715151,TRUE,"solar_geometry","radiation_gt_15_zenith_gt_1.54",NA,NA,NA,NA,NA,NA,NA,NA,NA,NA
31326,19.9294476391798,17.9294476391798,2.5,23.2783902851409,"2023-07-29 05:00:00",1.54340656078095,TRUE,"solar_geometry","radiation_gt_15_zenith_gt_1.54",NA,NA,NA,NA,NA,NA,NA,NA,NA,NA
31340,19.9294476391798,13.9294476391798,0.05,21.8846922888252,"2023-07-29 19:00:00",1.54504678458739,TRUE,"solar_geometry","radiation_gt_15_zenith_gt_1.54",NA,NA,NA,NA,NA,NA,NA,NA,NA,NA
31350,19.9294476391798,17.9294476391798,2.5,20.8782551227671,"2023-07-30 05:00:00",1.54623120316577,TRUE,"solar_geometry","radiation_gt_15_zenith_gt_1.54",NA,NA,NA,NA,NA,NA,NA,NA,NA,NA
31364,19.9294476391798,13.9294476391798,0.05,19.4540571570912,"2023-07-30 19:00:00",1.54790720213213,TRUE,"solar_geometry","radiation_gt_15_zenith_gt_1.54",NA,NA,NA,NA,NA,NA,NA,NA,NA,NA
31374,19.9294476391798,17.9294476391798,2.5,18.4260083985089,"2023-07-31 05:00:00",1.54911697169933,TRUE,"solar_geometry","radiation_gt_15_zenith_gt_1.54",NA,NA,NA,NA,NA,NA,NA,NA,NA,NA
31388,19.9294476391798,13.9294476391798,0.05,16.9718002004118,"2023-07-31 19:00:00",1.55082817608255,TRUE,"solar_geometry","radiation_gt_15_zenith_gt_1.54",NA,NA,NA,NA,NA,NA,NA,NA,NA,NA
31398,19.9294476391798,17.9294476391798,2.5,15.9224926926297,"2023-08-01 05:00:00",1.5520628867454,TRUE,"solar_geometry","radiation_gt_15_zenith_gt_1.54",NA,NA,NA,NA,NA,NA,NA,NA,NA,NA
32515,22,18,0,25.9589175319238,"2023-09-16 18:00:00",1.54025167446755,TRUE,"solar_geometry","radiation_gt_15_zenith_gt_1.54",NA,NA,NA,NA,NA,NA,NA,NA,NA,NA
32527,22,18,0,24.0864285994947,"2023-09-17 06:00:00",1.54245555824406,TRUE,"solar_geometry","radiation_gt_15_zenith_gt_1.54",NA,NA,NA,NA,NA,NA,NA,NA,NA,NA
32539,22,18,0,22.2116291753581,"2023-09-17 18:00:00",1.54466202349215,TRUE,"solar_geometry","radiation_gt_15_zenith_gt_1.54",NA,NA,NA,NA,NA,NA,NA,NA,NA,NA
32551,22,18,0,20.3346480040334,"2023-09-18 06:00:00",1.54687092898008,TRUE,"solar_geometry","radiation_gt_15_zenith_gt_1.54",NA,NA,NA,NA,NA,NA,NA,NA,NA,NA
32563,22,18,0,18.4556142513243,"2023-09-18 18:00:00",1.54908213308443,TRUE,"solar_geometry","radiation_gt_15_zenith_gt_1.54",NA,NA,NA,NA,NA,NA,NA,NA,NA,NA
32575,22,18,0,16.5746575028665,"2023-09-19 06:00:00",1.55129549378532,TRUE,"solar_geometry","radiation_gt_15_zenith_gt_1.54",NA,NA,NA,NA,NA,NA,NA,NA,NA,NA
33594,24.0705523608202,22.0705523608202,2.5,25.4419100081277,"2023-10-31 17:00:00",1.54086019684253,TRUE,"solar_geometry","radiation_gt_15_zenith_gt_1.54",NA,NA,NA,NA,NA,NA,NA,NA,NA,NA
33608,24.0705523608202,18.0705523608202,0.05,23.5232736302967,"2023-11-01 07:00:00",1.54311835348674,TRUE,"solar_geometry","radiation_gt_15_zenith_gt_1.54",NA,NA,NA,NA,NA,NA,NA,NA,NA,NA
33618,24.0705523608202,22.0705523608202,2.5,22.160789951528,"2023-11-01 17:00:00",1.54472185472824,TRUE,"solar_geometry","radiation_gt_15_zenith_gt_1.54",NA,NA,NA,NA,NA,NA,NA,NA,NA,NA
33632,24.0705523608202,18.0705523608202,0.05,20.2646752018439,"2023-11-02 07:00:00",1.54695327340968,TRUE,"solar_geometry","radiation_gt_15_zenith_gt_1.54",NA,NA,NA,NA,NA,NA,NA,NA,NA,NA
33642,24.0705523608202,22.0705523608202,2.5,18.9185530148557,"2023-11-02 17:00:00",1.54853736757113,TRUE,"solar_geometry","radiation_gt_15_zenith_gt_1.54",NA,NA,NA,NA,NA,NA,NA,NA,NA,NA
33656,24.0705523608202,18.0705523608202,0.05,17.0457276598949,"2023-11-03 07:00:00",1.55074118518291,TRUE,"solar_geometry","radiation_gt_15_zenith_gt_1.54",NA,NA,NA,NA,NA,NA,NA,NA,NA,NA
33666,24.0705523608202,22.0705523608202,2.5,15.7165137597751,"2023-11-03 17:00:00",1.55230525688153,TRUE,"solar_geometry","radiation_gt_15_zenith_gt_1.54",NA,NA,NA,NA,NA,NA,NA,NA,NA,NA
35994,24.0705523608202,22.0705523608202,2.5,15.6449198563814,"2024-02-08 17:00:00",1.55238949933933,TRUE,"solar_geometry","radiation_gt_15_zenith_gt_1.54",NA,NA,NA,NA,NA,NA,NA,NA,NA,NA
36008,24.0705523608202,18.0705523608202,0.05,17.5207694359815,"2024-02-09 07:00:00",1.55018219693177,TRUE,"solar_geometry","radiation_gt_15_zenith_gt_1.54",NA,NA,NA,NA,NA,NA,NA,NA,NA,NA
36018,24.0705523608202,22.0705523608202,2.5,18.8694234784099,"2024-02-09 17:00:00",1.54859518131025,TRUE,"solar_geometry","radiation_gt_15_zenith_gt_1.54",NA,NA,NA,NA,NA,NA,NA,NA,NA,NA
36032,24.0705523608202,18.0705523608202,0.05,20.7696020477248,"2024-02-10 07:00:00",1.54635906869042,TRUE,"solar_geometry","radiation_gt_15_zenith_gt_1.54",NA,NA,NA,NA,NA,NA,NA,NA,NA,NA
36042,24.0705523608202,22.0705523608202,2.5,22.1353584484356,"2024-02-10 17:00:00",1.54475178430563,TRUE,"solar_geometry","radiation_gt_15_zenith_gt_1.54",NA,NA,NA,NA,NA,NA,NA,NA,NA,NA
36056,24.0705523608202,18.0705523608202,0.05,24.0590930277786,"2024-02-11 07:00:00",1.5424877306451,TRUE,"solar_geometry","radiation_gt_15_zenith_gt_1.54",NA,NA,NA,NA,NA,NA,NA,NA,NA,NA
36066,24.0705523608202,22.0705523608202,2.5,25.4413975362636,"2024-02-11 17:00:00",1.54086080002085,TRUE,"solar_geometry","radiation_gt_15_zenith_gt_1.54",NA,NA,NA,NA,NA,NA,NA,NA,NA,NA
37075,22,18,0,16.684329768173,"2024-03-24 18:00:00",1.55116644289099,TRUE,"solar_geometry","radiation_gt_15_zenith_gt_1.54",NA,NA,NA,NA,NA,NA,NA,NA,NA,NA
37087,22,18,0,18.5876058855323,"2024-03-25 06:00:00",1.54892681193036,TRUE,"solar_geometry","radiation_gt_15_zenith_gt_1.54",NA,NA,NA,NA,NA,NA,NA,NA,NA,NA
37099,22,18,0,20.4888757006738,"2024-03-25 18:00:00",1.54668943229195,TRUE,"solar_geometry","radiation_gt_15_zenith_gt_1.54",NA,NA,NA,NA,NA,NA,NA,NA,NA,NA
37111,22,18,0,22.3880018371071,"2024-03-26 06:00:00",1.54445445479775,TRUE,"solar_geometry","radiation_gt_15_zenith_gt_1.54",NA,NA,NA,NA,NA,NA,NA,NA,NA,NA
37123,22,18,0,24.2848473952475,"2024-03-26 18:00:00",1.54222202981326,TRUE,"solar_geometry","radiation_gt_15_zenith_gt_1.54",NA,NA,NA,NA,NA,NA,NA,NA,NA,NA
38238,19.9294476391798,17.9294476391798,2.5,15.6378922681092,"2024-05-12 05:00:00",1.55239776849041,TRUE,"solar_geometry","radiation_gt_15_zenith_gt_1.54",NA,NA,NA,NA,NA,NA,NA,NA,NA,NA
38252,19.9294476391798,13.9294476391798,0.05,17.114784945275,"2024-05-12 19:00:00",1.55065992491021,TRUE,"solar_geometry","radiation_gt_15_zenith_gt_1.54",NA,NA,NA,NA,NA,NA,NA,NA,NA,NA
38262,19.9294476391798,17.9294476391798,2.5,18.1589243013025,"2024-05-13 05:00:00",1.54943126107305,TRUE,"solar_geometry","radiation_gt_15_zenith_gt_1.54",NA,NA,NA,NA,NA,NA,NA,NA,NA,NA
38276,19.9294476391798,13.9294476391798,0.05,19.6054933137986,"2024-05-13 19:00:00",1.54772899490299,TRUE,"solar_geometry","radiation_gt_15_zenith_gt_1.54",NA,NA,NA,NA,NA,NA,NA,NA,NA,NA
38286,19.9294476391798,17.9294476391798,2.5,20.6277997654254,"2024-05-14 05:00:00",1.54652594439034,TRUE,"solar_geometry","radiation_gt_15_zenith_gt_1.54",NA,NA,NA,NA,NA,NA,NA,NA,NA,NA
38300,19.9294476391798,13.9294476391798,0.05,22.0435627543303,"2024-05-14 19:00:00",1.54485981572588,TRUE,"solar_geometry","radiation_gt_15_zenith_gt_1.54",NA,NA,NA,NA,NA,NA,NA,NA,NA,NA
38310,19.9294476391798,17.9294476391798,2.5,23.0436950879901,"2024-05-15 05:00:00",1.5436827753379,TRUE,"solar_geometry","radiation_gt_15_zenith_gt_1.54",NA,NA,NA,NA,NA,NA,NA,NA,NA,NA
38324,19.9294476391798,13.9294476391798,0.05,24.4281790790242,"2024-05-15 19:00:00",1.54205333503145,TRUE,"solar_geometry","radiation_gt_15_zenith_gt_1.54",NA,NA,NA,NA,NA,NA,NA,NA,NA,NA
38334,19.9294476391798,17.9294476391798,2.5,25.4058028718735,"2024-05-16 05:00:00",1.54090269484067,TRUE,"solar_geometry","radiation_gt_15_zenith_gt_1.54",NA,NA,NA,NA,NA,NA,NA,NA,NA,NA
40076,19.9294476391798,13.9294476391798,0.05,25.595730647777,"2024-07-27 19:00:00",1.54067914977399,TRUE,"solar_geometry","radiation_gt_15_zenith_gt_1.54",NA,NA,NA,NA,NA,NA,NA,NA,NA,NA
40086,19.9294476391798,17.9294476391798,2.5,24.6265991073805,"2024-07-28 05:00:00",1.54181980245723,TRUE,"solar_geometry","radiation_gt_15_zenith_gt_1.54",NA,NA,NA,NA,NA,NA,NA,NA,NA,NA
40100,19.9294476391798,13.9294476391798,0.05,23.2543360656416,"2024-07-28 19:00:00",1.54343487047004,TRUE,"solar_geometry","radiation_gt_15_zenith_gt_1.54",NA,NA,NA,NA,NA,NA,NA,NA,NA,NA
40110,19.9294476391798,17.9294476391798,2.5,22.2631714470362,"2024-07-29 05:00:00",1.54460136476353,TRUE,"solar_geometry","radiation_gt_15_zenith_gt_1.54",NA,NA,NA,NA,NA,NA,NA,NA,NA,NA
40124,19.9294476391798,13.9294476391798,0.05,20.8602992948476,"2024-07-29 19:00:00",1.54625233403906,TRUE,"solar_geometry","radiation_gt_15_zenith_gt_1.54",NA,NA,NA,NA,NA,NA,NA,NA,NA,NA
40134,19.9294476391798,17.9294476391798,2.5,19.8474419307805,"2024-07-30 05:00:00",1.54744427278527,TRUE,"solar_geometry","radiation_gt_15_zenith_gt_1.54",NA,NA,NA,NA,NA,NA,NA,NA,NA,NA
40148,19.9294476391798,13.9294476391798,0.05,18.4144414765236,"2024-07-30 19:00:00",1.54913058303934,TRUE,"solar_geometry","radiation_gt_15_zenith_gt_1.54",NA,NA,NA,NA,NA,NA,NA,NA,NA,NA
40158,19.9294476391798,17.9294476391798,2.5,17.380237856903,"2024-07-31 05:00:00",1.55034756305448,TRUE,"solar_geometry","radiation_gt_15_zenith_gt_1.54",NA,NA,NA,NA,NA,NA,NA,NA,NA,NA
40172,19.9294476391798,13.9294476391798,0.05,15.917598390859,"2024-07-31 19:00:00",1.55206864575768,TRUE,"solar_geometry","radiation_gt_15_zenith_gt_1.54",NA,NA,NA,NA,NA,NA,NA,NA,NA,NA
41299,22,18,0,24.8720371192723,"2024-09-16 18:00:00",1.54153092937608,TRUE,"solar_geometry","radiation_gt_15_zenith_gt_1.54",NA,NA,NA,NA,NA,NA,NA,NA,NA,NA
41311,22,18,0,23.0033139649098,"2024-09-17 06:00:00",1.5437302999786,TRUE,"solar_geometry","radiation_gt_15_zenith_gt_1.54",NA,NA,NA,NA,NA,NA,NA,NA,NA,NA
41323,22,18,0,21.1323668673161,"2024-09-17 18:00:00",1.54593215684491,TRUE,"solar_geometry","radiation_gt_15_zenith_gt_1.54",NA,NA,NA,NA,NA,NA,NA,NA,NA,NA
41335,22,18,0,19.2593237596646,"2024-09-18 06:00:00",1.5481363596744,TRUE,"solar_geometry","radiation_gt_15_zenith_gt_1.54",NA,NA,NA,NA,NA,NA,NA,NA,NA,NA
41347,22,18,0,17.3843129910152,"2024-09-18 18:00:00",1.55034276777628,TRUE,"solar_geometry","radiation_gt_15_zenith_gt_1.54",NA,NA,NA,NA,NA,NA,NA,NA,NA,NA
41359,22,18,0,15.5074633248178,"2024-09-19 06:00:00",1.55255124006485,TRUE,"solar_geometry","radiation_gt_15_zenith_gt_1.54",NA,NA,NA,NA,NA,NA,NA,NA,NA,NA
42378,24.0705523608202,22.0705523608202,2.5,24.8897875973231,"2024-10-31 17:00:00",1.54151003750842,TRUE,"solar_geometry","radiation_gt_15_zenith_gt_1.54",NA,NA,NA,NA,NA,NA,NA,NA,NA,NA
42392,24.0705523608202,18.0705523608202,0.05,22.9800833332502,"2024-11-01 07:00:00",1.54375764013706,TRUE,"solar_geometry","radiation_gt_15_zenith_gt_1.54",NA,NA,NA,NA,NA,NA,NA,NA,NA,NA
42402,24.0705523608202,22.0705523608202,2.5,21.6239816841723,"2024-11-01 17:00:00",1.54535360344955,TRUE,"solar_geometry","radiation_gt_15_zenith_gt_1.54",NA,NA,NA,NA,NA,NA,NA,NA,NA,NA
42416,24.0705523608202,18.0705523608202,0.05,19.7368026640593,"2024-11-02 07:00:00",1.54757447192931,TRUE,"solar_geometry","radiation_gt_15_zenith_gt_1.54",NA,NA,NA,NA,NA,NA,NA,NA,NA,NA
42426,24.0705523608202,22.0705523608202,2.5,18.3970625956554,"2024-11-02 17:00:00",1.54915103357661,TRUE,"solar_geometry","radiation_gt_15_zenith_gt_1.54",NA,NA,NA,NA,NA,NA,NA,NA,NA,NA
42440,24.0705523608202,18.0705523608202,0.05,16.5331695917501,"2024-11-03 07:00:00",1.55134431235143,TRUE,"solar_geometry","radiation_gt_15_zenith_gt_1.54",NA,NA,NA,NA,NA,NA,NA,NA,NA,NA
42450,24.0705523608202,22.0705523608202,2.5,15.2103328880762,"2024-11-03 17:00:00",1.55290086236671,TRUE,"solar_geometry","radiation_gt_15_zenith_gt_1.54",NA,NA,NA,NA,NA,NA,NA,NA,NA,NA
44778,24.0705523608202,22.0705523608202,2.5,15.984875790614,"2025-02-08 17:00:00",1.55198948193485,TRUE,"solar_geometry","radiation_gt_15_zenith_gt_1.54",NA,NA,NA,NA,NA,NA,NA,NA,NA,NA
44792,24.0705523608202,18.0705523608202,0.05,17.8685080796383,"2025-02-09 07:00:00",1.54977300396938,TRUE,"solar_geometry","radiation_gt_15_zenith_gt_1.54",NA,NA,NA,NA,NA,NA,NA,NA,NA,NA
44802,24.0705523608202,22.0705523608202,2.5,19.2227396056134,"2025-02-09 17:00:00",1.54817941088702,TRUE,"solar_geometry","radiation_gt_15_zenith_gt_1.54",NA,NA,NA,NA,NA,NA,NA,NA,NA,NA
44816,24.0705523608202,18.0705523608202,0.05,21.130750562751,"2025-02-10 07:00:00",1.54593405896759,TRUE,"solar_geometry","radiation_gt_15_zenith_gt_1.54",NA,NA,NA,NA,NA,NA,NA,NA,NA,NA
44826,24.0705523608202,22.0705523608202,2.5,22.5021174182684,"2025-02-10 17:00:00",1.54432015434246,TRUE,"solar_geometry","radiation_gt_15_zenith_gt_1.54",NA,NA,NA,NA,NA,NA,NA,NA,NA,NA
44840,24.0705523608202,18.0705523608202,0.05,24.4337270255253,"2025-02-11 07:00:00",1.54204680533785,TRUE,"solar_geometry","radiation_gt_15_zenith_gt_1.54",NA,NA,NA,NA,NA,NA,NA,NA,NA,NA
44850,24.0705523608202,22.0705523608202,2.5,25.8216699319835,"2025-02-11 17:00:00",1.54041321718627,TRUE,"solar_geometry","radiation_gt_15_zenith_gt_1.54",NA,NA,NA,NA,NA,NA,NA,NA,NA,NA
45847,22,18,0,15.6484672392869,"2025-03-25 06:00:00",1.55238532524042,TRUE,"solar_geometry","radiation_gt_15_zenith_gt_1.54",NA,NA,NA,NA,NA,NA,NA,NA,NA,NA
45859,22,18,0,17.5579913128434,"2025-03-25 18:00:00",1.55013839716276,TRUE,"solar_geometry","radiation_gt_15_zenith_gt_1.54",NA,NA,NA,NA,NA,NA,NA,NA,NA,NA
45871,22,18,0,19.4655730157719,"2025-03-26 06:00:00",1.54789365051122,TRUE,"solar_geometry","radiation_gt_15_zenith_gt_1.54",NA,NA,NA,NA,NA,NA,NA,NA,NA,NA
45883,22,18,0,21.3710735819485,"2025-03-26 18:00:00",1.5456512375998,TRUE,"solar_geometry","radiation_gt_15_zenith_gt_1.54",NA,NA,NA,NA,NA,NA,NA,NA,NA,NA
45895,22,18,0,23.2743547246798,"2025-03-27 06:00:00",1.54341131028026,TRUE,"solar_geometry","radiation_gt_15_zenith_gt_1.54",NA,NA,NA,NA,NA,NA,NA,NA,NA,NA
45907,22,18,0,25.1752786417374,"2025-03-27 18:00:00",1.54117401994345,TRUE,"solar_geometry","radiation_gt_15_zenith_gt_1.54",NA,NA,NA,NA,NA,NA,NA,NA,NA,NA
47012,19.9294476391798,13.9294476391798,0.05,15.4962254197467,"2025-05-12 19:00:00",1.55256446332888,TRUE,"solar_geometry","radiation_gt_15_zenith_gt_1.54",NA,NA,NA,NA,NA,NA,NA,NA,NA,NA
47022,19.9294476391798,17.9294476391798,2.5,16.5570187938491,"2025-05-13 05:00:00",1.55131624914982,TRUE,"solar_geometry","radiation_gt_15_zenith_gt_1.54",NA,NA,NA,NA,NA,NA,NA,NA,NA,NA
47036,19.9294476391798,13.9294476391798,0.05,18.026976155201,"2025-05-13 19:00:00",1.54958652936522,TRUE,"solar_geometry","radiation_gt_15_zenith_gt_1.54",NA,NA,NA,NA,NA,NA,NA,NA,NA,NA
47046,19.9294476391798,17.9294476391798,2.5,19.0660388505668,"2025-05-14 05:00:00",1.54836381149377,TRUE,"solar_geometry","radiation_gt_15_zenith_gt_1.54",NA,NA,NA,NA,NA,NA,NA,NA,NA,NA
47060,19.9294476391798,13.9294476391798,0.05,20.5053283602164,"2025-05-14 19:00:00",1.5466700705917,TRUE,"solar_geometry","radiation_gt_15_zenith_gt_1.54",NA,NA,NA,NA,NA,NA,NA,NA,NA,NA
47070,19.9294476391798,17.9294476391798,2.5,21.5223120910688,"2025-05-15 05:00:00",1.54547325327824,TRUE,"solar_geometry","radiation_gt_15_zenith_gt_1.54",NA,NA,NA,NA,NA,NA,NA,NA,NA,NA
47084,19.9294476391798,13.9294476391798,0.05,22.9304508467904,"2025-05-15 19:00:00",1.54381605260261,TRUE,"solar_geometry","radiation_gt_15_zenith_gt_1.54",NA,NA,NA,NA,NA,NA,NA,NA,NA,NA
47094,19.9294476391798,17.9294476391798,2.5,23.9250140806275,"2025-05-16 05:00:00",1.54264553345668,TRUE,"solar_geometry","radiation_gt_15_zenith_gt_1.54",NA,NA,NA,NA,NA,NA,NA,NA,NA,NA
47108,19.9294476391798,13.9294476391798,0.05,25.3015287590032,"2025-05-16 19:00:00",1.54102542487627,TRUE,"solar_geometry","radiation_gt_15_zenith_gt_1.54",NA,NA,NA,NA,NA,NA,NA,NA,NA,NA
48846,19.9294476391798,17.9294476391798,2.5,25.6255861090656,"2025-07-28 05:00:00",1.54064400974771,TRUE,"solar_geometry","radiation_gt_15_zenith_gt_1.54",NA,NA,NA,NA,NA,NA,NA,NA,NA,NA
48860,19.9294476391798,13.9294476391798,0.05,24.2628691251846,"2025-07-28 19:00:00",1.54224789715151,TRUE,"solar_geometry","radiation_gt_15_zenith_gt_1.54",NA,NA,NA,NA,NA,NA,NA,NA,NA,NA
48870,19.9294476391798,17.9294476391798,2.5,23.2783902851409,"2025-07-29 05:00:00",1.54340656078095,TRUE,"solar_geometry","radiation_gt_15_zenith_gt_1.54",NA,NA,NA,NA,NA,NA,NA,NA,NA,NA
48884,19.9294476391798,13.9294476391798,0.05,21.8846922888252,"2025-07-29 19:00:00",1.54504678458739,TRUE,"solar_geometry","radiation_gt_15_zenith_gt_1.54",NA,NA,NA,NA,NA,NA,NA,NA,NA,NA
48894,19.9294476391798,17.9294476391798,2.5,20.8782551227671,"2025-07-30 05:00:00",1.54623120316577,TRUE,"solar_geometry","radiation_gt_15_zenith_gt_1.54",NA,NA,NA,NA,NA,NA,NA,NA,NA,NA
48908,19.9294476391798,13.9294476391798,0.05,19.4540571570912,"2025-07-30 19:00:00",1.54790720213213,TRUE,"solar_geometry","radiation_gt_15_zenith_gt_1.54",NA,NA,NA,NA,NA,NA,NA,NA,NA,NA
48918,19.9294476391798,17.9294476391798,2.5,18.4260083985089,"2025-07-31 05:00:00",1.54911697169933,TRUE,"solar_geometry","radiation_gt_15_zenith_gt_1.54",NA,NA,NA,NA,NA,NA,NA,NA,NA,NA
48932,19.9294476391798,13.9294476391798,0.05,16.9718002004118,"2025-07-31 19:00:00",1.55082817608255,TRUE,"solar_geometry","radiation_gt_15_zenith_gt_1.54",NA,NA,NA,NA,NA,NA,NA,NA,NA,NA
48942,19.9294476391798,17.9294476391798,2.5,15.9224926926297,"2025-08-01 05:00:00",1.5520628867454,TRUE,"solar_geometry","radiation_gt_15_zenith_gt_1.54",NA,NA,NA,NA,NA,NA,NA,NA,NA,NA
50059,22,18,0,25.9589175319238,"2025-09-16 18:00:00",1.54025167446755,TRUE,"solar_geometry","radiation_gt_15_zenith_gt_1.54",NA,NA,NA,NA,NA,NA,NA,NA,NA,NA
50071,22,18,0,24.0864285994947,"2025-09-17 06:00:00",1.54245555824406,TRUE,"solar_geometry","radiation_gt_15_zenith_gt_1.54",NA,NA,NA,NA,NA,NA,NA,NA,NA,NA
50083,22,18,0,22.2116291753581,"2025-09-17 18:00:00",1.54466202349215,TRUE,"solar_geometry","radiation_gt_15_zenith_gt_1.54",NA,NA,NA,NA,NA,NA,NA,NA,NA,NA
50095,22,18,0,20.3346480040334,"2025-09-18 06:00:00",1.54687092898008,TRUE,"solar_geometry","radiation_gt_15_zenith_gt_1.54",NA,NA,NA,NA,NA,NA,NA,NA,NA,NA
50107,22,18,0,18.4556142513243,"2025-09-18 18:00:00",1.54908213308443,TRUE,"solar_geometry","radiation_gt_15_zenith_gt_1.54",NA,NA,NA,NA,NA,NA,NA,NA,NA,NA
50119,22,18,0,16.5746575028665,"2025-09-19 06:00:00",1.55129549378532,TRUE,"solar_geometry","radiation_gt_15_zenith_gt_1.54",NA,NA,NA,NA,NA,NA,NA,NA,NA,NA
51138,24.0705523608202,22.0705523608202,2.5,25.4419100081277,"2025-10-31 17:00:00",1.54086019684253,TRUE,"solar_geometry","radiation_gt_15_zenith_gt_1.54",NA,NA,NA,NA,NA,NA,NA,NA,NA,NA
51152,24.0705523608202,18.0705523608202,0.05,23.5232736302967,"2025-11-01 07:00:00",1.54311835348674,TRUE,"solar_geometry","radiation_gt_15_zenith_gt_1.54",NA,NA,NA,NA,NA,NA,NA,NA,NA,NA
51162,24.0705523608202,22.0705523608202,2.5,22.160789951528,"2025-11-01 17:00:00",1.54472185472824,TRUE,"solar_geometry","radiation_gt_15_zenith_gt_1.54",NA,NA,NA,NA,NA,NA,NA,NA,NA,NA
51176,24.0705523608202,18.0705523608202,0.05,20.2646752018439,"2025-11-02 07:00:00",1.54695327340968,TRUE,"solar_geometry","radiation_gt_15_zenith_gt_1.54",NA,NA,NA,NA,NA,NA,NA,NA,NA,NA
51186,24.0705523608202,22.0705523608202,2.5,18.9185530148557,"2025-11-02 17:00:00",1.54853736757113,TRUE,"solar_geometry","radiation_gt_15_zenith_gt_1.54",NA,NA,NA,NA,NA,NA,NA,NA,NA,NA
51200,24.0705523608202,18.0705523608202,0.05,17.0457276598949,"2025-11-03 07:00:00",1.55074118518291,TRUE,"solar_geometry","radiation_gt_15_zenith_gt_1.54",NA,NA,NA,NA,NA,NA,NA,NA,NA,NA
51210,24.0705523608202,22.0705523608202,2.5,15.7165137597751,"2025-11-03 17:00:00",1.55230525688153,TRUE,"solar_geometry","radiation_gt_15_zenith_gt_1.54",NA,NA,NA,NA,NA,NA,NA,NA,NA,NA
53538,24.0705523608202,22.0705523608202,2.5,15.984875790614,"2026-02-08 17:00:00",1.55198948193485,TRUE,"solar_geometry","radiation_gt_15_zenith_gt_1.54",NA,NA,NA,NA,NA,NA,NA,NA,NA,NA
53552,24.0705523608202,18.0705523608202,0.05,17.8685080796383,"2026-02-09 07:00:00",1.54977300396938,TRUE,"solar_geometry","radiation_gt_15_zenith_gt_1.54",NA,NA,NA,NA,NA,NA,NA,NA,NA,NA
53562,24.0705523608202,22.0705523608202,2.5,19.2227396056134,"2026-02-09 17:00:00",1.54817941088702,TRUE,"solar_geometry","radiation_gt_15_zenith_gt_1.54",NA,NA,NA,NA,NA,NA,NA,NA,NA,NA
53576,24.0705523608202,18.0705523608202,0.05,21.130750562751,"2026-02-10 07:00:00",1.54593405896759,TRUE,"solar_geometry","radiation_gt_15_zenith_gt_1.54",NA,NA,NA,NA,NA,NA,NA,NA,NA,NA
53586,24.0705523608202,22.0705523608202,2.5,22.5021174182684,"2026-02-10 17:00:00",1.54432015434246,TRUE,"solar_geometry","radiation_gt_15_zenith_gt_1.54",NA,NA,NA,NA,NA,NA,NA,NA,NA,NA
53600,24.0705523608202,18.0705523608202,0.05,24.4337270255253,"2026-02-11 07:00:00",1.54204680533785,TRUE,"solar_geometry","radiation_gt_15_zenith_gt_1.54",NA,NA,NA,NA,NA,NA,NA,NA,NA,NA
53610,24.0705523608202,22.0705523608202,2.5,25.8216699319835,"2026-02-11 17:00:00",1.54041321718627,TRUE,"solar_geometry","radiation_gt_15_zenith_gt_1.54",NA,NA,NA,NA,NA,NA,NA,NA,NA,NA
54607,22,18,0,15.6484672392869,"2026-03-25 06:00:00",1.55238532524042,TRUE,"solar_geometry","radiation_gt_15_zenith_gt_1.54",NA,NA,NA,NA,NA,NA,NA,NA,NA,NA
54619,22,18,0,17.5579913128434,"2026-03-25 18:00:00",1.55013839716276,TRUE,"solar_geometry","radiation_gt_15_zenith_gt_1.54",NA,NA,NA,NA,NA,NA,NA,NA,NA,NA
54631,22,18,0,19.4655730157719,"2026-03-26 06:00:00",1.54789365051122,TRUE,"solar_geometry","radiation_gt_15_zenith_gt_1.54",NA,NA,NA,NA,NA,NA,NA,NA,NA,NA
54643,22,18,0,21.3710735819485,"2026-03-26 18:00:00",1.5456512375998,TRUE,"solar_geometry","radiation_gt_15_zenith_gt_1.54",NA,NA,NA,NA,NA,NA,NA,NA,NA,NA
54655,22,18,0,23.2743547246798,"2026-03-27 06:00:00",1.54341131028026,TRUE,"solar_geometry","radiation_gt_15_zenith_gt_1.54",NA,NA,NA,NA,NA,NA,NA,NA,NA,NA
54667,22,18,0,25.1752786417374,"2026-03-27 18:00:00",1.54117401994345,TRUE,"solar_geometry","radiation_gt_15_zenith_gt_1.54",NA,NA,NA,NA,NA,NA,NA,NA,NA,NA
55772,19.9294476391798,13.9294476391798,0.05,15.4962254197467,"2026-05-12 19:00:00",1.55256446332888,TRUE,"solar_geometry","radiation_gt_15_zenith_gt_1.54",NA,NA,NA,NA,NA,NA,NA,NA,NA,NA
55782,19.9294476391798,17.9294476391798,2.5,16.5570187938491,"2026-05-13 05:00:00",1.55131624914982,TRUE,"solar_geometry","radiation_gt_15_zenith_gt_1.54",NA,NA,NA,NA,NA,NA,NA,NA,NA,NA
55796,19.9294476391798,13.9294476391798,0.05,18.026976155201,"2026-05-13 19:00:00",1.54958652936522,TRUE,"solar_geometry","radiation_gt_15_zenith_gt_1.54",NA,NA,NA,NA,NA,NA,NA,NA,NA,NA
55806,19.9294476391798,17.9294476391798,2.5,19.0660388505668,"2026-05-14 05:00:00",1.54836381149377,TRUE,"solar_geometry","radiation_gt_15_zenith_gt_1.54",NA,NA,NA,NA,NA,NA,NA,NA,NA,NA
55820,19.9294476391798,13.9294476391798,0.05,20.5053283602164,"2026-05-14 19:00:00",1.5466700705917,TRUE,"solar_geometry","radiation_gt_15_zenith_gt_1.54",NA,NA,NA,NA,NA,NA,NA,NA,NA,NA
55830,19.9294476391798,17.9294476391798,2.5,21.5223120910688,"2026-05-15 05:00:00",1.54547325327824,TRUE,"solar_geometry","radiation_gt_15_zenith_gt_1.54",NA,NA,NA,NA,NA,NA,NA,NA,NA,NA
55844,19.9294476391798,13.9294476391798,0.05,22.9304508467904,"2026-05-15 19:00:00",1.54381605260261,TRUE,"solar_geometry","radiation_gt_15_zenith_gt_1.54",NA,NA,NA,NA,NA,NA,NA,NA,NA,NA
55854,19.9294476391798,17.9294476391798,2.5,23.9250140806275,"2026-05-16 05:00:00",1.54264553345668,TRUE,"solar_geometry","radiation_gt_15_zenith_gt_1.54",NA,NA,NA,NA,NA,NA,NA,NA,NA,NA
55868,19.9294476391798,13.9294476391798,0.05,25.3015287590032,"2026-05-16 19:00:00",1.54102542487627,TRUE,"solar_geometry","radiation_gt_15_zenith_gt_1.54",NA,NA,NA,NA,NA,NA,NA,NA,NA,NA
57606,19.9294476391798,17.9294476391798,2.5,25.6255861090656,"2026-07-28 05:00:00",1.54064400974771,TRUE,"solar_geometry","radiation_gt_15_zenith_gt_1.54",NA,NA,NA,NA,NA,NA,NA,NA,NA,NA
57620,19.9294476391798,13.9294476391798,0.05,24.2628691251846,"2026-07-28 19:00:00",1.54224789715151,TRUE,"solar_geometry","radiation_gt_15_zenith_gt_1.54",NA,NA,NA,NA,NA,NA,NA,NA,NA,NA
57630,19.9294476391798,17.9294476391798,2.5,23.2783902851409,"2026-07-29 05:00:00",1.54340656078095,TRUE,"solar_geometry","radiation_gt_15_zenith_gt_1.54",NA,NA,NA,NA,NA,NA,NA,NA,NA,NA
57644,19.9294476391798,13.9294476391798,0.05,21.8846922888252,"2026-07-29 19:00:00",1.54504678458739,TRUE,"solar_geometry","radiation_gt_15_zenith_gt_1.54",NA,NA,NA,NA,NA,NA,NA,NA,NA,NA
57654,19.9294476391798,17.9294476391798,2.5,20.8782551227671,"2026-07-30 05:00:00",1.54623120316577,TRUE,"solar_geometry","radiation_gt_15_zenith_gt_1.54",NA,NA,NA,NA,NA,NA,NA,NA,NA,NA
57668,19.9294476391798,13.9294476391798,0.05,19.4540571570912,"2026-07-30 19:00:00",1.54790720213213,TRUE,"solar_geometry","radiation_gt_15_zenith_gt_1.54",NA,NA,NA,NA,NA,NA,NA,NA,NA,NA
57678,19.9294476391798,17.9294476391798,2.5,18.4260083985089,"2026-07-31 05:00:00",1.54911697169933,TRUE,"solar_geometry","radiation_gt_15_zenith_gt_1.54",NA,NA,NA,NA,NA,NA,NA,NA,NA,NA
57692,19.9294476391798,13.9294476391798,0.05,16.9718002004118,"2026-07-31 19:00:00",1.55082817608255,TRUE,"solar_geometry","radiation_gt_15_zenith_gt_1.54",NA,NA,NA,NA,NA,NA,NA,NA,NA,NA
57702,19.9294476391798,17.9294476391798,2.5,15.9224926926297,"2026-08-01 05:00:00",1.5520628867454,TRUE,"solar_geometry","radiation_gt_15_zenith_gt_1.54",NA,NA,NA,NA,NA,NA,NA,NA,NA,NA
58819,22,18,0,25.9589175319238,"2026-09-16 18:00:00",1.54025167446755,TRUE,"solar_geometry","radiation_gt_15_zenith_gt_1.54",NA,NA,NA,NA,NA,NA,NA,NA,NA,NA
58831,22,18,0,24.0864285994947,"2026-09-17 06:00:00",1.54245555824406,TRUE,"solar_geometry","radiation_gt_15_zenith_gt_1.54",NA,NA,NA,NA,NA,NA,NA,NA,NA,NA
58843,22,18,0,22.2116291753581,"2026-09-17 18:00:00",1.54466202349215,TRUE,"solar_geometry","radiation_gt_15_zenith_gt_1.54",NA,NA,NA,NA,NA,NA,NA,NA,NA,NA
58855,22,18,0,20.3346480040334,"2026-09-18 06:00:00",1.54687092898008,TRUE,"solar_geometry","radiation_gt_15_zenith_gt_1.54",NA,NA,NA,NA,NA,NA,NA,NA,NA,NA
58867,22,18,0,18.4556142513243,"2026-09-18 18:00:00",1.54908213308443,TRUE,"solar_geometry","radiation_gt_15_zenith_gt_1.54",NA,NA,NA,NA,NA,NA,NA,NA,NA,NA
58879,22,18,0,16.5746575028665,"2026-09-19 06:00:00",1.55129549378532,TRUE,"solar_geometry","radiation_gt_15_zenith_gt_1.54",NA,NA,NA,NA,NA,NA,NA,NA,NA,NA
59898,24.0705523608202,22.0705523608202,2.5,25.4419100081277,"2026-10-31 17:00:00",1.54086019684253,TRUE,"solar_geometry","radiation_gt_15_zenith_gt_1.54",NA,NA,NA,NA,NA,NA,NA,NA,NA,NA
59912,24.0705523608202,18.0705523608202,0.05,23.5232736302967,"2026-11-01 07:00:00",1.54311835348674,TRUE,"solar_geometry","radiation_gt_15_zenith_gt_1.54",NA,NA,NA,NA,NA,NA,NA,NA,NA,NA
59922,24.0705523608202,22.0705523608202,2.5,22.160789951528,"2026-11-01 17:00:00",1.54472185472824,TRUE,"solar_geometry","radiation_gt_15_zenith_gt_1.54",NA,NA,NA,NA,NA,NA,NA,NA,NA,NA
59936,24.0705523608202,18.0705523608202,0.05,20.2646752018439,"2026-11-02 07:00:00",1.54695327340968,TRUE,"solar_geometry","radiation_gt_15_zenith_gt_1.54",NA,NA,NA,NA,NA,NA,NA,NA,NA,NA
59946,24.0705523608202,22.0705523608202,2.5,18.9185530148557,"2026-11-02 17:00:00",1.54853736757113,TRUE,"solar_geometry","radiation_gt_15_zenith_gt_1.54",NA,NA,NA,NA,NA,NA,NA,NA,NA,NA
59960,24.0705523608202,18.0705523608202,0.05,17.0457276598949,"2026-11-03 07:00:00",1.55074118518291,TRUE,"solar_geometry","radiation_gt_15_zenith_gt_1.54",NA,NA,NA,NA,NA,NA,NA,NA,NA,NA
59970,24.0705523608202,22.0705523608202,2.5,15.7165137597751,"2026-11-03 17:00:00",1.55230525688153,TRUE,"solar_geometry","radiation_gt_15_zenith_gt_1.54",NA,NA,NA,NA,NA,NA,NA,NA,NA,NA
62298,24.0705523608202,22.0705523608202,2.5,15.984875790614,"2027-02-08 17:00:00",1.55198948193485,TRUE,"solar_geometry","radiation_gt_15_zenith_gt_1.54",NA,NA,NA,NA,NA,NA,NA,NA,NA,NA
62312,24.0705523608202,18.0705523608202,0.05,17.8685080796383,"2027-02-09 07:00:00",1.54977300396938,TRUE,"solar_geometry","radiation_gt_15_zenith_gt_1.54",NA,NA,NA,NA,NA,NA,NA,NA,NA,NA
62322,24.0705523608202,22.0705523608202,2.5,19.2227396056134,"2027-02-09 17:00:00",1.54817941088702,TRUE,"solar_geometry","radiation_gt_15_zenith_gt_1.54",NA,NA,NA,NA,NA,NA,NA,NA,NA,NA
62336,24.0705523608202,18.0705523608202,0.05,21.130750562751,"2027-02-10 07:00:00",1.54593405896759,TRUE,"solar_geometry","radiation_gt_15_zenith_gt_1.54",NA,NA,NA,NA,NA,NA,NA,NA,NA,NA
62346,24.0705523608202,22.0705523608202,2.5,22.5021174182684,"2027-02-10 17:00:00",1.54432015434246,TRUE,"solar_geometry","radiation_gt_15_zenith_gt_1.54",NA,NA,NA,NA,NA,NA,NA,NA,NA,NA
62360,24.0705523608202,18.0705523608202,0.05,24.4337270255253,"2027-02-11 07:00:00",1.54204680533785,TRUE,"solar_geometry","radiation_gt_15_zenith_gt_1.54",NA,NA,NA,NA,NA,NA,NA,NA,NA,NA
62370,24.0705523608202,22.0705523608202,2.5,25.8216699319835,"2027-02-11 17:00:00",1.54041321718627,TRUE,"solar_geometry","radiation_gt_15_zenith_gt_1.54",NA,NA,NA,NA,NA,NA,NA,NA,NA,NA
63367,22,18,0,15.6484672392869,"2027-03-25 06:00:00",1.55238532524042,TRUE,"solar_geometry","radiation_gt_15_zenith_gt_1.54",NA,NA,NA,NA,NA,NA,NA,NA,NA,NA
63379,22,18,0,17.5579913128434,"2027-03-25 18:00:00",1.55013839716276,TRUE,"solar_geometry","radiation_gt_15_zenith_gt_1.54",NA,NA,NA,NA,NA,NA,NA,NA,NA,NA
63391,22,18,0,19.4655730157719,"2027-03-26 06:00:00",1.54789365051122,TRUE,"solar_geometry","radiation_gt_15_zenith_gt_1.54",NA,NA,NA,NA,NA,NA,NA,NA,NA,NA
63403,22,18,0,21.3710735819485,"2027-03-26 18:00:00",1.5456512375998,TRUE,"solar_geometry","radiation_gt_15_zenith_gt_1.54",NA,NA,NA,NA,NA,NA,NA,NA,NA,NA
63415,22,18,0,23.2743547246798,"2027-03-27 06:00:00",1.54341131028026,TRUE,"solar_geometry","radiation_gt_15_zenith_gt_1.54",NA,NA,NA,NA,NA,NA,NA,NA,NA,NA
63427,22,18,0,25.1752786417374,"2027-03-27 18:00:00",1.54117401994345,TRUE,"solar_geometry","radiation_gt_15_zenith_gt_1.54",NA,NA,NA,NA,NA,NA,NA,NA,NA,NA
64532,19.9294476391798,13.9294476391798,0.05,15.4962254197467,"2027-05-12 19:00:00",1.55256446332888,TRUE,"solar_geometry","radiation_gt_15_zenith_gt_1.54",NA,NA,NA,NA,NA,NA,NA,NA,NA,NA
64542,19.9294476391798,17.9294476391798,2.5,16.5570187938491,"2027-05-13 05:00:00",1.55131624914982,TRUE,"solar_geometry","radiation_gt_15_zenith_gt_1.54",NA,NA,NA,NA,NA,NA,NA,NA,NA,NA
64556,19.9294476391798,13.9294476391798,0.05,18.026976155201,"2027-05-13 19:00:00",1.54958652936522,TRUE,"solar_geometry","radiation_gt_15_zenith_gt_1.54",NA,NA,NA,NA,NA,NA,NA,NA,NA,NA
64566,19.9294476391798,17.9294476391798,2.5,19.0660388505668,"2027-05-14 05:00:00",1.54836381149377,TRUE,"solar_geometry","radiation_gt_15_zenith_gt_1.54",NA,NA,NA,NA,NA,NA,NA,NA,NA,NA
64580,19.9294476391798,13.9294476391798,0.05,20.5053283602164,"2027-05-14 19:00:00",1.5466700705917,TRUE,"solar_geometry","radiation_gt_15_zenith_gt_1.54",NA,NA,NA,NA,NA,NA,NA,NA,NA,NA
64590,19.9294476391798,17.9294476391798,2.5,21.5223120910688,"2027-05-15 05:00:00",1.54547325327824,TRUE,"solar_geometry","radiation_gt_15_zenith_gt_1.54",NA,NA,NA,NA,NA,NA,NA,NA,NA,NA
64604,19.9294476391798,13.9294476391798,0.05,22.9304508467904,"2027-05-15 19:00:00",1.54381605260261,TRUE,"solar_geometry","radiation_gt_15_zenith_gt_1.54",NA,NA,NA,NA,NA,NA,NA,NA,NA,NA
64614,19.9294476391798,17.9294476391798,2.5,23.9250140806275,"2027-05-16 05:00:00",1.54264553345668,TRUE,"solar_geometry","radiation_gt_15_zenith_gt_1.54",NA,NA,NA,NA,NA,NA,NA,NA,NA,NA
64628,19.9294476391798,13.9294476391798,0.05,25.3015287590032,"2027-05-16 19:00:00",1.54102542487627,TRUE,"solar_geometry","radiation_gt_15_zenith_gt_1.54",NA,NA,NA,NA,NA,NA,NA,NA,NA,NA
66366,19.9294476391798,17.9294476391798,2.5,25.6255861090656,"2027-07-28 05:00:00",1.54064400974771,TRUE,"solar_geometry","radiation_gt_15_zenith_gt_1.54",NA,NA,NA,NA,NA,NA,NA,NA,NA,NA
66380,19.9294476391798,13.9294476391798,0.05,24.2628691251846,"2027-07-28 19:00:00",1.54224789715151,TRUE,"solar_geometry","radiation_gt_15_zenith_gt_1.54",NA,NA,NA,NA,NA,NA,NA,NA,NA,NA
66390,19.9294476391798,17.9294476391798,2.5,23.2783902851409,"2027-07-29 05:00:00",1.54340656078095,TRUE,"solar_geometry","radiation_gt_15_zenith_gt_1.54",NA,NA,NA,NA,NA,NA,NA,NA,NA,NA
66404,19.9294476391798,13.9294476391798,0.05,21.8846922888252,"2027-07-29 19:00:00",1.54504678458739,TRUE,"solar_geometry","radiation_gt_15_zenith_gt_1.54",NA,NA,NA,NA,NA,NA,NA,NA,NA,NA
66414,19.9294476391798,17.9294476391798,2.5,20.8782551227671,"2027-07-30 05:00:00",1.54623120316577,TRUE,"solar_geometry","radiation_gt_15_zenith_gt_1.54",NA,NA,NA,NA,NA,NA,NA,NA,NA,NA
66428,19.9294476391798,13.9294476391798,0.05,19.4540571570912,"2027-07-30 19:00:00",1.54790720213213,TRUE,"solar_geometry","radiation_gt_15_zenith_gt_1.54",NA,NA,NA,NA,NA,NA,NA,NA,NA,NA
66438,19.9294476391798,17.9294476391798,2.5,18.4260083985089,"2027-07-31 05:00:00",1.54911697169933,TRUE,"solar_geometry","radiation_gt_15_zenith_gt_1.54",NA,NA,NA,NA,NA,NA,NA,NA,NA,NA
66452,19.9294476391798,13.9294476391798,0.05,16.9718002004118,"2027-07-31 19:00:00",1.55082817608255,TRUE,"solar_geometry","radiation_gt_15_zenith_gt_1.54",NA,NA,NA,NA,NA,NA,NA,NA,NA,NA
66462,19.9294476391798,17.9294476391798,2.5,15.9224926926297,"2027-08-01 05:00:00",1.5520628867454,TRUE,"solar_geometry","radiation_gt_15_zenith_gt_1.54",NA,NA,NA,NA,NA,NA,NA,NA,NA,NA
67579,22,18,0,25.9589175319238,"2027-09-16 18:00:00",1.54025167446755,TRUE,"solar_geometry","radiation_gt_15_zenith_gt_1.54",NA,NA,NA,NA,NA,NA,NA,NA,NA,NA
67591,22,18,0,24.0864285994947,"2027-09-17 06:00:00",1.54245555824406,TRUE,"solar_geometry","radiation_gt_15_zenith_gt_1.54",NA,NA,NA,NA,NA,NA,NA,NA,NA,NA
67603,22,18,0,22.2116291753581,"2027-09-17 18:00:00",1.54466202349215,TRUE,"solar_geometry","radiation_gt_15_zenith_gt_1.54",NA,NA,NA,NA,NA,NA,NA,NA,NA,NA
67615,22,18,0,20.3346480040334,"2027-09-18 06:00:00",1.54687092898008,TRUE,"solar_geometry","radiation_gt_15_zenith_gt_1.54",NA,NA,NA,NA,NA,NA,NA,NA,NA,NA
67627,22,18,0,18.4556142513243,"2027-09-18 18:00:00",1.54908213308443,TRUE,"solar_geometry","radiation_gt_15_zenith_gt_1.54",NA,NA,NA,NA,NA,NA,NA,NA,NA,NA
67639,22,18,0,16.5746575028665,"2027-09-19 06:00:00",1.55129549378532,TRUE,"solar_geometry","radiation_gt_15_zenith_gt_1.54",NA,NA,NA,NA,NA,NA,NA,NA,NA,NA
68658,24.0705523608202,22.0705523608202,2.5,25.4419100081277,"2027-10-31 17:00:00",1.54086019684253,TRUE,"solar_geometry","radiation_gt_15_zenith_gt_1.54",NA,NA,NA,NA,NA,NA,NA,NA,NA,NA
68672,24.0705523608202,18.0705523608202,0.05,23.5232736302967,"2027-11-01 07:00:00",1.54311835348674,TRUE,"solar_geometry","radiation_gt_15_zenith_gt_1.54",NA,NA,NA,NA,NA,NA,NA,NA,NA,NA
68682,24.0705523608202,22.0705523608202,2.5,22.160789951528,"2027-11-01 17:00:00",1.54472185472824,TRUE,"solar_geometry","radiation_gt_15_zenith_gt_1.54",NA,NA,NA,NA,NA,NA,NA,NA,NA,NA
68696,24.0705523608202,18.0705523608202,0.05,20.2646752018439,"2027-11-02 07:00:00",1.54695327340968,TRUE,"solar_geometry","radiation_gt_15_zenith_gt_1.54",NA,NA,NA,NA,NA,NA,NA,NA,NA,NA
68706,24.0705523608202,22.0705523608202,2.5,18.9185530148557,"2027-11-02 17:00:00",1.54853736757113,TRUE,"solar_geometry","radiation_gt_15_zenith_gt_1.54",NA,NA,NA,NA,NA,NA,NA,NA,NA,NA
68720,24.0705523608202,18.0705523608202,0.05,17.0457276598949,"2027-11-03 07:00:00",1.55074118518291,TRUE,"solar_geometry","radiation_gt_15_zenith_gt_1.54",NA,NA,NA,NA,NA,NA,NA,NA,NA,NA
68730,24.0705523608202,22.0705523608202,2.5,15.7165137597751,"2027-11-03 17:00:00",1.55230525688153,TRUE,"solar_geometry","radiation_gt_15_zenith_gt_1.54",NA,NA,NA,NA,NA,NA,NA,NA,NA,NA
71058,24.0705523608202,22.0705523608202,2.5,15.6449198563814,"2028-02-08 17:00:00",1.55238949933933,TRUE,"solar_geometry","radiation_gt_15_zenith_gt_1.54",NA,NA,NA,NA,NA,NA,NA,NA,NA,NA
71072,24.0705523608202,18.0705523608202,0.05,17.5207694359815,"2028-02-09 07:00:00",1.55018219693177,TRUE,"solar_geometry","radiation_gt_15_zenith_gt_1.54",NA,NA,NA,NA,NA,NA,NA,NA,NA,NA
71082,24.0705523608202,22.0705523608202,2.5,18.8694234784099,"2028-02-09 17:00:00",1.54859518131025,TRUE,"solar_geometry","radiation_gt_15_zenith_gt_1.54",NA,NA,NA,NA,NA,NA,NA,NA,NA,NA
71096,24.0705523608202,18.0705523608202,0.05,20.7696020477248,"2028-02-10 07:00:00",1.54635906869042,TRUE,"solar_geometry","radiation_gt_15_zenith_gt_1.54",NA,NA,NA,NA,NA,NA,NA,NA,NA,NA
71106,24.0705523608202,22.0705523608202,2.5,22.1353584484356,"2028-02-10 17:00:00",1.54475178430563,TRUE,"solar_geometry","radiation_gt_15_zenith_gt_1.54",NA,NA,NA,NA,NA,NA,NA,NA,NA,NA
71120,24.0705523608202,18.0705523608202,0.05,24.0590930277786,"2028-02-11 07:00:00",1.5424877306451,TRUE,"solar_geometry","radiation_gt_15_zenith_gt_1.54",NA,NA,NA,NA,NA,NA,NA,NA,NA,NA
71130,24.0705523608202,22.0705523608202,2.5,25.4413975362636,"2028-02-11 17:00:00",1.54086080002085,TRUE,"solar_geometry","radiation_gt_15_zenith_gt_1.54",NA,NA,NA,NA,NA,NA,NA,NA,NA,NA
72139,22,18,0,16.684329768173,"2028-03-24 18:00:00",1.55116644289099,TRUE,"solar_geometry","radiation_gt_15_zenith_gt_1.54",NA,NA,NA,NA,NA,NA,NA,NA,NA,NA
72151,22,18,0,18.5876058855323,"2028-03-25 06:00:00",1.54892681193036,TRUE,"solar_geometry","radiation_gt_15_zenith_gt_1.54",NA,NA,NA,NA,NA,NA,NA,NA,NA,NA
72163,22,18,0,20.4888757006738,"2028-03-25 18:00:00",1.54668943229195,TRUE,"solar_geometry","radiation_gt_15_zenith_gt_1.54",NA,NA,NA,NA,NA,NA,NA,NA,NA,NA
72175,22,18,0,22.3880018371071,"2028-03-26 06:00:00",1.54445445479775,TRUE,"solar_geometry","radiation_gt_15_zenith_gt_1.54",NA,NA,NA,NA,NA,NA,NA,NA,NA,NA
72187,22,18,0,24.2848473952475,"2028-03-26 18:00:00",1.54222202981326,TRUE,"solar_geometry","radiation_gt_15_zenith_gt_1.54",NA,NA,NA,NA,NA,NA,NA,NA,NA,NA
73302,19.9294476391798,17.9294476391798,2.5,15.6378922681092,"2028-05-12 05:00:00",1.55239776849041,TRUE,"solar_geometry","radiation_gt_15_zenith_gt_1.54",NA,NA,NA,NA,NA,NA,NA,NA,NA,NA
73316,19.9294476391798,13.9294476391798,0.05,17.114784945275,"2028-05-12 19:00:00",1.55065992491021,TRUE,"solar_geometry","radiation_gt_15_zenith_gt_1.54",NA,NA,NA,NA,NA,NA,NA,NA,NA,NA
73326,19.9294476391798,17.9294476391798,2.5,18.1589243013025,"2028-05-13 05:00:00",1.54943126107305,TRUE,"solar_geometry","radiation_gt_15_zenith_gt_1.54",NA,NA,NA,NA,NA,NA,NA,NA,NA,NA
73340,19.9294476391798,13.9294476391798,0.05,19.6054933137986,"2028-05-13 19:00:00",1.54772899490299,TRUE,"solar_geometry","radiation_gt_15_zenith_gt_1.54",NA,NA,NA,NA,NA,NA,NA,NA,NA,NA
73350,19.9294476391798,17.9294476391798,2.5,20.6277997654254,"2028-05-14 05:00:00",1.54652594439034,TRUE,"solar_geometry","radiation_gt_15_zenith_gt_1.54",NA,NA,NA,NA,NA,NA,NA,NA,NA,NA
73364,19.9294476391798,13.9294476391798,0.05,22.0435627543303,"2028-05-14 19:00:00",1.54485981572588,TRUE,"solar_geometry","radiation_gt_15_zenith_gt_1.54",NA,NA,NA,NA,NA,NA,NA,NA,NA,NA
73374,19.9294476391798,17.9294476391798,2.5,23.0436950879901,"2028-05-15 05:00:00",1.5436827753379,TRUE,"solar_geometry","radiation_gt_15_zenith_gt_1.54",NA,NA,NA,NA,NA,NA,NA,NA,NA,NA
73388,19.9294476391798,13.9294476391798,0.05,24.4281790790242,"2028-05-15 19:00:00",1.54205333503145,TRUE,"solar_geometry","radiation_gt_15_zenith_gt_1.54",NA,NA,NA,NA,NA,NA,NA,NA,NA,NA
73398,19.9294476391798,17.9294476391798,2.5,25.4058028718735,"2028-05-16 05:00:00",1.54090269484067,TRUE,"solar_geometry","radiation_gt_15_zenith_gt_1.54",NA,NA,NA,NA,NA,NA,NA,NA,NA,NA
75140,19.9294476391798,13.9294476391798,0.05,25.595730647777,"2028-07-27 19:00:00",1.54067914977399,TRUE,"solar_geometry","radiation_gt_15_zenith_gt_1.54",NA,NA,NA,NA,NA,NA,NA,NA,NA,NA
75150,19.9294476391798,17.9294476391798,2.5,24.6265991073805,"2028-07-28 05:00:00",1.54181980245723,TRUE,"solar_geometry","radiation_gt_15_zenith_gt_1.54",NA,NA,NA,NA,NA,NA,NA,NA,NA,NA
75164,19.9294476391798,13.9294476391798,0.05,23.2543360656416,"2028-07-28 19:00:00",1.54343487047004,TRUE,"solar_geometry","radiation_gt_15_zenith_gt_1.54",NA,NA,NA,NA,NA,NA,NA,NA,NA,NA
75174,19.9294476391798,17.9294476391798,2.5,22.2631714470362,"2028-07-29 05:00:00",1.54460136476353,TRUE,"solar_geometry","radiation_gt_15_zenith_gt_1.54",NA,NA,NA,NA,NA,NA,NA,NA,NA,NA
75188,19.9294476391798,13.9294476391798,0.05,20.8602992948476,"2028-07-29 19:00:00",1.54625233403906,TRUE,"solar_geometry","radiation_gt_15_zenith_gt_1.54",NA,NA,NA,NA,NA,NA,NA,NA,NA,NA
75198,19.9294476391798,17.9294476391798,2.5,19.8474419307805,"2028-07-30 05:00:00",1.54744427278527,TRUE,"solar_geometry","radiation_gt_15_zenith_gt_1.54",NA,NA,NA,NA,NA,NA,NA,NA,NA,NA
75212,19.9294476391798,13.9294476391798,0.05,18.4144414765236,"2028-07-30 19:00:00",1.54913058303934,TRUE,"solar_geometry","radiation_gt_15_zenith_gt_1.54",NA,NA,NA,NA,NA,NA,NA,NA,NA,NA
75222,19.9294476391798,17.9294476391798,2.5,17.380237856903,"2028-07-31 05:00:00",1.55034756305448,TRUE,"solar_geometry","radiation_gt_15_zenith_gt_1.54",NA,NA,NA,NA,NA,NA,NA,NA,NA,NA
75236,19.9294476391798,13.9294476391798,0.05,15.917598390859,"2028-07-31 19:00:00",1.55206864575768,TRUE,"solar_geometry","radiation_gt_15_zenith_gt_1.54",NA,NA,NA,NA,NA,NA,NA,NA,NA,NA
76363,22,18,0,24.8720371192723,"2028-09-16 18:00:00",1.54153092937608,TRUE,"solar_geometry","radiation_gt_15_zenith_gt_1.54",NA,NA,NA,NA,NA,NA,NA,NA,NA,NA
76375,22,18,0,23.0033139649098,"2028-09-17 06:00:00",1.5437302999786,TRUE,"solar_geometry","radiation_gt_15_zenith_gt_1.54",NA,NA,NA,NA,NA,NA,NA,NA,NA,NA
76387,22,18,0,21.1323668673161,"2028-09-17 18:00:00",1.54593215684491,TRUE,"solar_geometry","radiation_gt_15_zenith_gt_1.54",NA,NA,NA,NA,NA,NA,NA,NA,NA,NA
76399,22,18,0,19.2593237596646,"2028-09-18 06:00:00",1.5481363596744,TRUE,"solar_geometry","radiation_gt_15_zenith_gt_1.54",NA,NA,NA,NA,NA,NA,NA,NA,NA,NA
76411,22,18,0,17.3843129910152,"2028-09-18 18:00:00",1.55034276777628,TRUE,"solar_geometry","radiation_gt_15_zenith_gt_1.54",NA,NA,NA,NA,NA,NA,NA,NA,NA,NA
76423,22,18,0,15.5074633248178,"2028-09-19 06:00:00",1.55255124006485,TRUE,"solar_geometry","radiation_gt_15_zenith_gt_1.54",NA,NA,NA,NA,NA,NA,NA,NA,NA,NA
77442,24.0705523608202,22.0705523608202,2.5,24.8897875973231,"2028-10-31 17:00:00",1.54151003750842,TRUE,"solar_geometry","radiation_gt_15_zenith_gt_1.54",NA,NA,NA,NA,NA,NA,NA,NA,NA,NA
77456,24.0705523608202,18.0705523608202,0.05,22.9800833332502,"2028-11-01 07:00:00",1.54375764013706,TRUE,"solar_geometry","radiation_gt_15_zenith_gt_1.54",NA,NA,NA,NA,NA,NA,NA,NA,NA,NA
77466,24.0705523608202,22.0705523608202,2.5,21.6239816841723,"2028-11-01 17:00:00",1.54535360344955,TRUE,"solar_geometry","radiation_gt_15_zenith_gt_1.54",NA,NA,NA,NA,NA,NA,NA,NA,NA,NA
77480,24.0705523608202,18.0705523608202,0.05,19.7368026640593,"2028-11-02 07:00:00",1.54757447192931,TRUE,"solar_geometry","radiation_gt_15_zenith_gt_1.54",NA,NA,NA,NA,NA,NA,NA,NA,NA,NA
77490,24.0705523608202,22.0705523608202,2.5,18.3970625956554,"2028-11-02 17:00:00",1.54915103357661,TRUE,"solar_geometry","radiation_gt_15_zenith_gt_1.54",NA,NA,NA,NA,NA,NA,NA,NA,NA,NA
77504,24.0705523608202,18.0705523608202,0.05,16.5331695917501,"2028-11-03 07:00:00",1.55134431235143,TRUE,"solar_geometry","radiation_gt_15_zenith_gt_1.54",NA,NA,NA,NA,NA,NA,NA,NA,NA,NA
77514,24.0705523608202,22.0705523608202,2.5,15.2103328880762,"2028-11-03 17:00:00",1.55290086236671,TRUE,"solar_geometry","radiation_gt_15_zenith_gt_1.54",NA,NA,NA,NA,NA,NA,NA,NA,NA,NA
79842,24.0705523608202,22.0705523608202,2.5,15.984875790614,"2029-02-08 17:00:00",1.55198948193485,TRUE,"solar_geometry","radiation_gt_15_zenith_gt_1.54",NA,NA,NA,NA,NA,NA,NA,NA,NA,NA
79856,24.0705523608202,18.0705523608202,0.05,17.8685080796383,"2029-02-09 07:00:00",1.54977300396938,TRUE,"solar_geometry","radiation_gt_15_zenith_gt_1.54",NA,NA,NA,NA,NA,NA,NA,NA,NA,NA
79866,24.0705523608202,22.0705523608202,2.5,19.2227396056134,"2029-02-09 17:00:00",1.54817941088702,TRUE,"solar_geometry","radiation_gt_15_zenith_gt_1.54",NA,NA,NA,NA,NA,NA,NA,NA,NA,NA
79880,24.0705523608202,18.0705523608202,0.05,21.130750562751,"2029-02-10 07:00:00",1.54593405896759,TRUE,"solar_geometry","radiation_gt_15_zenith_gt_1.54",NA,NA,NA,NA,NA,NA,NA,NA,NA,NA
79890,24.0705523608202,22.0705523608202,2.5,22.5021174182684,"2029-02-10 17:00:00",1.54432015434246,TRUE,"solar_geometry","radiation_gt_15_zenith_gt_1.54",NA,NA,NA,NA,NA,NA,NA,NA,NA,NA
79904,24.0705523608202,18.0705523608202,0.05,24.4337270255253,"2029-02-11 07:00:00",1.54204680533785,TRUE,"solar_geometry","radiation_gt_15_zenith_gt_1.54",NA,NA,NA,NA,NA,NA,NA,NA,NA,NA
79914,24.0705523608202,22.0705523608202,2.5,25.8216699319835,"2029-02-11 17:00:00",1.54041321718627,TRUE,"solar_geometry","radiation_gt_15_zenith_gt_1.54",NA,NA,NA,NA,NA,NA,NA,NA,NA,NA
80911,22,18,0,15.6484672392869,"2029-03-25 06:00:00",1.55238532524042,TRUE,"solar_geometry","radiation_gt_15_zenith_gt_1.54",NA,NA,NA,NA,NA,NA,NA,NA,NA,NA
80923,22,18,0,17.5579913128434,"2029-03-25 18:00:00",1.55013839716276,TRUE,"solar_geometry","radiation_gt_15_zenith_gt_1.54",NA,NA,NA,NA,NA,NA,NA,NA,NA,NA
80935,22,18,0,19.4655730157719,"2029-03-26 06:00:00",1.54789365051122,TRUE,"solar_geometry","radiation_gt_15_zenith_gt_1.54",NA,NA,NA,NA,NA,NA,NA,NA,NA,NA
80947,22,18,0,21.3710735819485,"2029-03-26 18:00:00",1.5456512375998,TRUE,"solar_geometry","radiation_gt_15_zenith_gt_1.54",NA,NA,NA,NA,NA,NA,NA,NA,NA,NA
80959,22,18,0,23.2743547246798,"2029-03-27 06:00:00",1.54341131028026,TRUE,"solar_geometry","radiation_gt_15_zenith_gt_1.54",NA,NA,NA,NA,NA,NA,NA,NA,NA,NA
80971,22,18,0,25.1752786417374,"2029-03-27 18:00:00",1.54117401994345,TRUE,"solar_geometry","radiation_gt_15_zenith_gt_1.54",NA,NA,NA,NA,NA,NA,NA,NA,NA,NA
82076,19.9294476391798,13.9294476391798,0.05,15.4962254197467,"2029-05-12 19:00:00",1.55256446332888,TRUE,"solar_geometry","radiation_gt_15_zenith_gt_1.54",NA,NA,NA,NA,NA,NA,NA,NA,NA,NA
82086,19.9294476391798,17.9294476391798,2.5,16.5570187938491,"2029-05-13 05:00:00",1.55131624914982,TRUE,"solar_geometry","radiation_gt_15_zenith_gt_1.54",NA,NA,NA,NA,NA,NA,NA,NA,NA,NA
82100,19.9294476391798,13.9294476391798,0.05,18.026976155201,"2029-05-13 19:00:00",1.54958652936522,TRUE,"solar_geometry","radiation_gt_15_zenith_gt_1.54",NA,NA,NA,NA,NA,NA,NA,NA,NA,NA
82110,19.9294476391798,17.9294476391798,2.5,19.0660388505668,"2029-05-14 05:00:00",1.54836381149377,TRUE,"solar_geometry","radiation_gt_15_zenith_gt_1.54",NA,NA,NA,NA,NA,NA,NA,NA,NA,NA
82124,19.9294476391798,13.9294476391798,0.05,20.5053283602164,"2029-05-14 19:00:00",1.5466700705917,TRUE,"solar_geometry","radiation_gt_15_zenith_gt_1.54",NA,NA,NA,NA,NA,NA,NA,NA,NA,NA
82134,19.9294476391798,17.9294476391798,2.5,21.5223120910688,"2029-05-15 05:00:00",1.54547325327824,TRUE,"solar_geometry","radiation_gt_15_zenith_gt_1.54",NA,NA,NA,NA,NA,NA,NA,NA,NA,NA
82148,19.9294476391798,13.9294476391798,0.05,22.9304508467904,"2029-05-15 19:00:00",1.54381605260261,TRUE,"solar_geometry","radiation_gt_15_zenith_gt_1.54",NA,NA,NA,NA,NA,NA,NA,NA,NA,NA
82158,19.9294476391798,17.9294476391798,2.5,23.9250140806275,"2029-05-16 05:00:00",1.54264553345668,TRUE,"solar_geometry","radiation_gt_15_zenith_gt_1.54",NA,NA,NA,NA,NA,NA,NA,NA,NA,NA
82172,19.9294476391798,13.9294476391798,0.05,25.3015287590032,"2029-05-16 19:00:00",1.54102542487627,TRUE,"solar_geometry","radiation_gt_15_zenith_gt_1.54",NA,NA,NA,NA,NA,NA,NA,NA,NA,NA
83910,19.9294476391798,17.9294476391798,2.5,25.6255861090656,"2029-07-28 05:00:00",1.54064400974771,TRUE,"solar_geometry","radiation_gt_15_zenith_gt_1.54",NA,NA,NA,NA,NA,NA,NA,NA,NA,NA
83924,19.9294476391798,13.9294476391798,0.05,24.2628691251846,"2029-07-28 19:00:00",1.54224789715151,TRUE,"solar_geometry","radiation_gt_15_zenith_gt_1.54",NA,NA,NA,NA,NA,NA,NA,NA,NA,NA
83934,19.9294476391798,17.9294476391798,2.5,23.2783902851409,"2029-07-29 05:00:00",1.54340656078095,TRUE,"solar_geometry","radiation_gt_15_zenith_gt_1.54",NA,NA,NA,NA,NA,NA,NA,NA,NA,NA
83948,19.9294476391798,13.9294476391798,0.05,21.8846922888252,"2029-07-29 19:00:00",1.54504678458739,TRUE,"solar_geometry","radiation_gt_15_zenith_gt_1.54",NA,NA,NA,NA,NA,NA,NA,NA,NA,NA
83958,19.9294476391798,17.9294476391798,2.5,20.8782551227671,"2029-07-30 05:00:00",1.54623120316577,TRUE,"solar_geometry","radiation_gt_15_zenith_gt_1.54",NA,NA,NA,NA,NA,NA,NA,NA,NA,NA
83972,19.9294476391798,13.9294476391798,0.05,19.4540571570912,"2029-07-30 19:00:00",1.54790720213213,TRUE,"solar_geometry","radiation_gt_15_zenith_gt_1.54",NA,NA,NA,NA,NA,NA,NA,NA,NA,NA
83982,19.9294476391798,17.9294476391798,2.5,18.4260083985089,"2029-07-31 05:00:00",1.54911697169933,TRUE,"solar_geometry","radiation_gt_15_zenith_gt_1.54",NA,NA,NA,NA,NA,NA,NA,NA,NA,NA
83996,19.9294476391798,13.9294476391798,0.05,16.9718002004118,"2029-07-31 19:00:00",1.55082817608255,TRUE,"solar_geometry","radiation_gt_15_zenith_gt_1.54",NA,NA,NA,NA,NA,NA,NA,NA,NA,NA
84006,19.9294476391798,17.9294476391798,2.5,15.9224926926297,"2029-08-01 05:00:00",1.5520628867454,TRUE,"solar_geometry","radiation_gt_15_zenith_gt_1.54",NA,NA,NA,NA,NA,NA,NA,NA,NA,NA
85123,22,18,0,25.9589175319238,"2029-09-16 18:00:00",1.54025167446755,TRUE,"solar_geometry","radiation_gt_15_zenith_gt_1.54",NA,NA,NA,NA,NA,NA,NA,NA,NA,NA
85135,22,18,0,24.0864285994947,"2029-09-17 06:00:00",1.54245555824406,TRUE,"solar_geometry","radiation_gt_15_zenith_gt_1.54",NA,NA,NA,NA,NA,NA,NA,NA,NA,NA
85147,22,18,0,22.2116291753581,"2029-09-17 18:00:00",1.54466202349215,TRUE,"solar_geometry","radiation_gt_15_zenith_gt_1.54",NA,NA,NA,NA,NA,NA,NA,NA,NA,NA
85159,22,18,0,20.3346480040334,"2029-09-18 06:00:00",1.54687092898008,TRUE,"solar_geometry","radiation_gt_15_zenith_gt_1.54",NA,NA,NA,NA,NA,NA,NA,NA,NA,NA
85171,22,18,0,18.4556142513243,"2029-09-18 18:00:00",1.54908213308443,TRUE,"solar_geometry","radiation_gt_15_zenith_gt_1.54",NA,NA,NA,NA,NA,NA,NA,NA,NA,NA
85183,22,18,0,16.5746575028665,"2029-09-19 06:00:00",1.55129549378532,TRUE,"solar_geometry","radiation_gt_15_zenith_gt_1.54",NA,NA,NA,NA,NA,NA,NA,NA,NA,NA
86202,24.0705523608202,22.0705523608202,2.5,25.4419100081277,"2029-10-31 17:00:00",1.54086019684253,TRUE,"solar_geometry","radiation_gt_15_zenith_gt_1.54",NA,NA,NA,NA,NA,NA,NA,NA,NA,NA
86216,24.0705523608202,18.0705523608202,0.05,23.5232736302967,"2029-11-01 07:00:00",1.54311835348674,TRUE,"solar_geometry","radiation_gt_15_zenith_gt_1.54",NA,NA,NA,NA,NA,NA,NA,NA,NA,NA
86226,24.0705523608202,22.0705523608202,2.5,22.160789951528,"2029-11-01 17:00:00",1.54472185472824,TRUE,"solar_geometry","radiation_gt_15_zenith_gt_1.54",NA,NA,NA,NA,NA,NA,NA,NA,NA,NA
86240,24.0705523608202,18.0705523608202,0.05,20.2646752018439,"2029-11-02 07:00:00",1.54695327340968,TRUE,"solar_geometry","radiation_gt_15_zenith_gt_1.54",NA,NA,NA,NA,NA,NA,NA,NA,NA,NA
86250,24.0705523608202,22.0705523608202,2.5,18.9185530148557,"2029-11-02 17:00:00",1.54853736757113,TRUE,"solar_geometry","radiation_gt_15_zenith_gt_1.54",NA,NA,NA,NA,NA,NA,NA,NA,NA,NA
86264,24.0705523608202,18.0705523608202,0.05,17.0457276598949,"2029-11-03 07:00:00",1.55074118518291,TRUE,"solar_geometry","radiation_gt_15_zenith_gt_1.54",NA,NA,NA,NA,NA,NA,NA,NA,NA,NA
86274,24.0705523608202,22.0705523608202,2.5,15.7165137597751,"2029-11-03 17:00:00",1.55230525688153,TRUE,"solar_geometry","radiation_gt_15_zenith_gt_1.54",NA,NA,NA,NA,NA,NA,NA,NA,NA,NA
88602,24.0705523608202,22.0705523608202,2.5,15.984875790614,"2030-02-08 17:00:00",1.55198948193485,TRUE,"solar_geometry","radiation_gt_15_zenith_gt_1.54",NA,NA,NA,NA,NA,NA,NA,NA,NA,NA
88616,24.0705523608202,18.0705523608202,0.05,17.8685080796383,"2030-02-09 07:00:00",1.54977300396938,TRUE,"solar_geometry","radiation_gt_15_zenith_gt_1.54",NA,NA,NA,NA,NA,NA,NA,NA,NA,NA
88626,24.0705523608202,22.0705523608202,2.5,19.2227396056134,"2030-02-09 17:00:00",1.54817941088702,TRUE,"solar_geometry","radiation_gt_15_zenith_gt_1.54",NA,NA,NA,NA,NA,NA,NA,NA,NA,NA
88640,24.0705523608202,18.0705523608202,0.05,21.130750562751,"2030-02-10 07:00:00",1.54593405896759,TRUE,"solar_geometry","radiation_gt_15_zenith_gt_1.54",NA,NA,NA,NA,NA,NA,NA,NA,NA,NA
88650,24.0705523608202,22.0705523608202,2.5,22.5021174182684,"2030-02-10 17:00:00",1.54432015434246,TRUE,"solar_geometry","radiation_gt_15_zenith_gt_1.54",NA,NA,NA,NA,NA,NA,NA,NA,NA,NA
88664,24.0705523608202,18.0705523608202,0.05,24.4337270255253,"2030-02-11 07:00:00",1.54204680533785,TRUE,"solar_geometry","radiation_gt_15_zenith_gt_1.54",NA,NA,NA,NA,NA,NA,NA,NA,NA,NA
88674,24.0705523608202,22.0705523608202,2.5,25.8216699319835,"2030-02-11 17:00:00",1.54041321718627,TRUE,"solar_geometry","radiation_gt_15_zenith_gt_1.54",NA,NA,NA,NA,NA,NA,NA,NA,NA,NA
89671,22,18,0,15.6484672392869,"2030-03-25 06:00:00",1.55238532524042,TRUE,"solar_geometry","radiation_gt_15_zenith_gt_1.54",NA,NA,NA,NA,NA,NA,NA,NA,NA,NA
89683,22,18,0,17.5579913128434,"2030-03-25 18:00:00",1.55013839716276,TRUE,"solar_geometry","radiation_gt_15_zenith_gt_1.54",NA,NA,NA,NA,NA,NA,NA,NA,NA,NA
89695,22,18,0,19.4655730157719,"2030-03-26 06:00:00",1.54789365051122,TRUE,"solar_geometry","radiation_gt_15_zenith_gt_1.54",NA,NA,NA,NA,NA,NA,NA,NA,NA,NA
89707,22,18,0,21.3710735819485,"2030-03-26 18:00:00",1.5456512375998,TRUE,"solar_geometry","radiation_gt_15_zenith_gt_1.54",NA,NA,NA,NA,NA,NA,NA,NA,NA,NA
89719,22,18,0,23.2743547246798,"2030-03-27 06:00:00",1.54341131028026,TRUE,"solar_geometry","radiation_gt_15_zenith_gt_1.54",NA,NA,NA,NA,NA,NA,NA,NA,NA,NA
89731,22,18,0,25.1752786417374,"2030-03-27 18:00:00",1.54117401994345,TRUE,"solar_geometry","radiation_gt_15_zenith_gt_1.54",NA,NA,NA,NA,NA,NA,NA,NA,NA,NA
90836,19.9294476391798,13.9294476391798,0.05,15.4962254197467,"2030-05-12 19:00:00",1.55256446332888,TRUE,"solar_geometry","radiation_gt_15_zenith_gt_1.54",NA,NA,NA,NA,NA,NA,NA,NA,NA,NA
90846,19.9294476391798,17.9294476391798,2.5,16.5570187938491,"2030-05-13 05:00:00",1.55131624914982,TRUE,"solar_geometry","radiation_gt_15_zenith_gt_1.54",NA,NA,NA,NA,NA,NA,NA,NA,NA,NA
90860,19.9294476391798,13.9294476391798,0.05,18.026976155201,"2030-05-13 19:00:00",1.54958652936522,TRUE,"solar_geometry","radiation_gt_15_zenith_gt_1.54",NA,NA,NA,NA,NA,NA,NA,NA,NA,NA
90870,19.9294476391798,17.9294476391798,2.5,19.0660388505668,"2030-05-14 05:00:00",1.54836381149377,TRUE,"solar_geometry","radiation_gt_15_zenith_gt_1.54",NA,NA,NA,NA,NA,NA,NA,NA,NA,NA
90884,19.9294476391798,13.9294476391798,0.05,20.5053283602164,"2030-05-14 19:00:00",1.5466700705917,TRUE,"solar_geometry","radiation_gt_15_zenith_gt_1.54",NA,NA,NA,NA,NA,NA,NA,NA,NA,NA
90894,19.9294476391798,17.9294476391798,2.5,21.5223120910688,"2030-05-15 05:00:00",1.54547325327824,TRUE,"solar_geometry","radiation_gt_15_zenith_gt_1.54",NA,NA,NA,NA,NA,NA,NA,NA,NA,NA
90908,19.9294476391798,13.9294476391798,0.05,22.9304508467904,"2030-05-15 19:00:00",1.54381605260261,TRUE,"solar_geometry","radiation_gt_15_zenith_gt_1.54",NA,NA,NA,NA,NA,NA,NA,NA,NA,NA
90918,19.9294476391798,17.9294476391798,2.5,23.9250140806275,"2030-05-16 05:00:00",1.54264553345668,TRUE,"solar_geometry","radiation_gt_15_zenith_gt_1.54",NA,NA,NA,NA,NA,NA,NA,NA,NA,NA
90932,19.9294476391798,13.9294476391798,0.05,25.3015287590032,"2030-05-16 19:00:00",1.54102542487627,TRUE,"solar_geometry","radiation_gt_15_zenith_gt_1.54",NA,NA,NA,NA,NA,NA,NA,NA,NA,NA
92670,19.9294476391798,17.9294476391798,2.5,25.6255861090656,"2030-07-28 05:00:00",1.54064400974771,TRUE,"solar_geometry","radiation_gt_15_zenith_gt_1.54",NA,NA,NA,NA,NA,NA,NA,NA,NA,NA
92684,19.9294476391798,13.9294476391798,0.05,24.2628691251846,"2030-07-28 19:00:00",1.54224789715151,TRUE,"solar_geometry","radiation_gt_15_zenith_gt_1.54",NA,NA,NA,NA,NA,NA,NA,NA,NA,NA
92694,19.9294476391798,17.9294476391798,2.5,23.2783902851409,"2030-07-29 05:00:00",1.54340656078095,TRUE,"solar_geometry","radiation_gt_15_zenith_gt_1.54",NA,NA,NA,NA,NA,NA,NA,NA,NA,NA
92708,19.9294476391798,13.9294476391798,0.05,21.8846922888252,"2030-07-29 19:00:00",1.54504678458739,TRUE,"solar_geometry","radiation_gt_15_zenith_gt_1.54",NA,NA,NA,NA,NA,NA,NA,NA,NA,NA
92718,19.9294476391798,17.9294476391798,2.5,20.8782551227671,"2030-07-30 05:00:00",1.54623120316577,TRUE,"solar_geometry","radiation_gt_15_zenith_gt_1.54",NA,NA,NA,NA,NA,NA,NA,NA,NA,NA
92732,19.9294476391798,13.9294476391798,0.05,19.4540571570912,"2030-07-30 19:00:00",1.54790720213213,TRUE,"solar_geometry","radiation_gt_15_zenith_gt_1.54",NA,NA,NA,NA,NA,NA,NA,NA,NA,NA
92742,19.9294476391798,17.9294476391798,2.5,18.4260083985089,"2030-07-31 05:00:00",1.54911697169933,TRUE,"solar_geometry","radiation_gt_15_zenith_gt_1.54",NA,NA,NA,NA,NA,NA,NA,NA,NA,NA
92756,19.9294476391798,13.9294476391798,0.05,16.9718002004118,"2030-07-31 19:00:00",1.55082817608255,TRUE,"solar_geometry","radiation_gt_15_zenith_gt_1.54",NA,NA,NA,NA,NA,NA,NA,NA,NA,NA
92766,19.9294476391798,17.9294476391798,2.5,15.9224926926297,"2030-08-01 05:00:00",1.5520628867454,TRUE,"solar_geometry","radiation_gt_15_zenith_gt_1.54",NA,NA,NA,NA,NA,NA,NA,NA,NA,NA
93883,22,18,0,25.9589175319238,"2030-09-16 18:00:00",1.54025167446755,TRUE,"solar_geometry","radiation_gt_15_zenith_gt_1.54",NA,NA,NA,NA,NA,NA,NA,NA,NA,NA
93895,22,18,0,24.0864285994947,"2030-09-17 06:00:00",1.54245555824406,TRUE,"solar_geometry","radiation_gt_15_zenith_gt_1.54",NA,NA,NA,NA,NA,NA,NA,NA,NA,NA
93907,22,18,0,22.2116291753581,"2030-09-17 18:00:00",1.54466202349215,TRUE,"solar_geometry","radiation_gt_15_zenith_gt_1.54",NA,NA,NA,NA,NA,NA,NA,NA,NA,NA
93919,22,18,0,20.3346480040334,"2030-09-18 06:00:00",1.54687092898008,TRUE,"solar_geometry","radiation_gt_15_zenith_gt_1.54",NA,NA,NA,NA,NA,NA,NA,NA,NA,NA
93931,22,18,0,18.4556142513243,"2030-09-18 18:00:00",1.54908213308443,TRUE,"solar_geometry","radiation_gt_15_zenith_gt_1.54",NA,NA,NA,NA,NA,NA,NA,NA,NA,NA
93943,22,18,0,16.5746575028665,"2030-09-19 06:00:00",1.55129549378532,TRUE,"solar_geometry","radiation_gt_15_zenith_gt_1.54",NA,NA,NA,NA,NA,NA,NA,NA,NA,NA
94962,24.0705523608202,22.0705523608202,2.5,25.4419100081277,"2030-10-31 17:00:00",1.54086019684253,TRUE,"solar_geometry","radiation_gt_15_zenith_gt_1.54",NA,NA,NA,NA,NA,NA,NA,NA,NA,NA
94976,24.0705523608202,18.0705523608202,0.05,23.5232736302967,"2030-11-01 07:00:00",1.54311835348674,TRUE,"solar_geometry","radiation_gt_15_zenith_gt_1.54",NA,NA,NA,NA,NA,NA,NA,NA,NA,NA
94986,24.0705523608202,22.0705523608202,2.5,22.160789951528,"2030-11-01 17:00:00",1.54472185472824,TRUE,"solar_geometry","radiation_gt_15_zenith_gt_1.54",NA,NA,NA,NA,NA,NA,NA,NA,NA,NA
95000,24.0705523608202,18.0705523608202,0.05,20.2646752018439,"2030-11-02 07:00:00",1.54695327340968,TRUE,"solar_geometry","radiation_gt_15_zenith_gt_1.54",NA,NA,NA,NA,NA,NA,NA,NA,NA,NA
95010,24.0705523608202,22.0705523608202,2.5,18.9185530148557,"2030-11-02 17:00:00",1.54853736757113,TRUE,"solar_geometry","radiation_gt_15_zenith_gt_1.54",NA,NA,NA,NA,NA,NA,NA,NA,NA,NA
95024,24.0705523608202,18.0705523608202,0.05,17.0457276598949,"2030-11-03 07:00:00",1.55074118518291,TRUE,"solar_geometry","radiation_gt_15_zenith_gt_1.54",NA,NA,NA,NA,NA,NA,NA,NA,NA,NA
95034,24.0705523608202,22.0705523608202,2.5,15.7165137597751,"2030-11-03 17:00:00",1.55230525688153,TRUE,"solar_geometry","radiation_gt_15_zenith_gt_1.54",NA,NA,NA,NA,NA,NA,NA,NA,NA,NA
97362,24.0705523608202,22.0705523608202,2.5,15.984875790614,"2031-02-08 17:00:00",1.55198948193485,TRUE,"solar_geometry","radiation_gt_15_zenith_gt_1.54",NA,NA,NA,NA,NA,NA,NA,NA,NA,NA
97376,24.0705523608202,18.0705523608202,0.05,17.8685080796383,"2031-02-09 07:00:00",1.54977300396938,TRUE,"solar_geometry","radiation_gt_15_zenith_gt_1.54",NA,NA,NA,NA,NA,NA,NA,NA,NA,NA
97386,24.0705523608202,22.0705523608202,2.5,19.2227396056134,"2031-02-09 17:00:00",1.54817941088702,TRUE,"solar_geometry","radiation_gt_15_zenith_gt_1.54",NA,NA,NA,NA,NA,NA,NA,NA,NA,NA
97400,24.0705523608202,18.0705523608202,0.05,21.130750562751,"2031-02-10 07:00:00",1.54593405896759,TRUE,"solar_geometry","radiation_gt_15_zenith_gt_1.54",NA,NA,NA,NA,NA,NA,NA,NA,NA,NA
97410,24.0705523608202,22.0705523608202,2.5,22.5021174182684,"2031-02-10 17:00:00",1.54432015434246,TRUE,"solar_geometry","radiation_gt_15_zenith_gt_1.54",NA,NA,NA,NA,NA,NA,NA,NA,NA,NA
97424,24.0705523608202,18.0705523608202,0.05,24.4337270255253,"2031-02-11 07:00:00",1.54204680533785,TRUE,"solar_geometry","radiation_gt_15_zenith_gt_1.54",NA,NA,NA,NA,NA,NA,NA,NA,NA,NA
97434,24.0705523608202,22.0705523608202,2.5,25.8216699319835,"2031-02-11 17:00:00",1.54041321718627,TRUE,"solar_geometry","radiation_gt_15_zenith_gt_1.54",NA,NA,NA,NA,NA,NA,NA,NA,NA,NA
98431,22,18,0,15.6484672392869,"2031-03-25 06:00:00",1.55238532524042,TRUE,"solar_geometry","radiation_gt_15_zenith_gt_1.54",NA,NA,NA,NA,NA,NA,NA,NA,NA,NA
98443,22,18,0,17.5579913128434,"2031-03-25 18:00:00",1.55013839716276,TRUE,"solar_geometry","radiation_gt_15_zenith_gt_1.54",NA,NA,NA,NA,NA,NA,NA,NA,NA,NA
98455,22,18,0,19.4655730157719,"2031-03-26 06:00:00",1.54789365051122,TRUE,"solar_geometry","radiation_gt_15_zenith_gt_1.54",NA,NA,NA,NA,NA,NA,NA,NA,NA,NA
98467,22,18,0,21.3710735819485,"2031-03-26 18:00:00",1.5456512375998,TRUE,"solar_geometry","radiation_gt_15_zenith_gt_1.54",NA,NA,NA,NA,NA,NA,NA,NA,NA,NA
98479,22,18,0,23.2743547246798,"2031-03-27 06:00:00",1.54341131028026,TRUE,"solar_geometry","radiation_gt_15_zenith_gt_1.54",NA,NA,NA,NA,NA,NA,NA,NA,NA,NA
98491,22,18,0,25.1752786417374,"2031-03-27 18:00:00",1.54117401994345,TRUE,"solar_geometry","radiation_gt_15_zenith_gt_1.54",NA,NA,NA,NA,NA,NA,NA,NA,NA,NA
99596,19.9294476391798,13.9294476391798,0.05,15.4962254197467,"2031-05-12 19:00:00",1.55256446332888,TRUE,"solar_geometry","radiation_gt_15_zenith_gt_1.54",NA,NA,NA,NA,NA,NA,NA,NA,NA,NA
99606,19.9294476391798,17.9294476391798,2.5,16.5570187938491,"2031-05-13 05:00:00",1.55131624914982,TRUE,"solar_geometry","radiation_gt_15_zenith_gt_1.54",NA,NA,NA,NA,NA,NA,NA,NA,NA,NA
99620,19.9294476391798,13.9294476391798,0.05,18.026976155201,"2031-05-13 19:00:00",1.54958652936522,TRUE,"solar_geometry","radiation_gt_15_zenith_gt_1.54",NA,NA,NA,NA,NA,NA,NA,NA,NA,NA
99630,19.9294476391798,17.9294476391798,2.5,19.0660388505668,"2031-05-14 05:00:00",1.54836381149377,TRUE,"solar_geometry","radiation_gt_15_zenith_gt_1.54",NA,NA,NA,NA,NA,NA,NA,NA,NA,NA
99644,19.9294476391798,13.9294476391798,0.05,20.5053283602164,"2031-05-14 19:00:00",1.5466700705917,TRUE,"solar_geometry","radiation_gt_15_zenith_gt_1.54",NA,NA,NA,NA,NA,NA,NA,NA,NA,NA
99654,19.9294476391798,17.9294476391798,2.5,21.5223120910688,"2031-05-15 05:00:00",1.54547325327824,TRUE,"solar_geometry","radiation_gt_15_zenith_gt_1.54",NA,NA,NA,NA,NA,NA,NA,NA,NA,NA
99668,19.9294476391798,13.9294476391798,0.05,22.9304508467904,"2031-05-15 19:00:00",1.54381605260261,TRUE,"solar_geometry","radiation_gt_15_zenith_gt_1.54",NA,NA,NA,NA,NA,NA,NA,NA,NA,NA
99678,19.9294476391798,17.9294476391798,2.5,23.9250140806275,"2031-05-16 05:00:00",1.54264553345668,TRUE,"solar_geometry","radiation_gt_15_zenith_gt_1.54",NA,NA,NA,NA,NA,NA,NA,NA,NA,NA
99692,19.9294476391798,13.9294476391798,0.05,25.3015287590032,"2031-05-16 19:00:00",1.54102542487627,TRUE,"solar_geometry","radiation_gt_15_zenith_gt_1.54",NA,NA,NA,NA,NA,NA,NA,NA,NA,NA
